0,0.17827,#NAME?
1,0.17827,#NAME?
2,0.17827,#NAME?
3,0.17827,#NAME?
4,0.17827,#NAME?
5,0.17827,#NAME?
6,0.17428,---C
7,0.17029,#NAME?
8,0.1663,#NAME?
9,0.14237,#NAME?
10,0.13838,#NAME?
11,0.12426,-R-L
12,0.11014,#NAME?
13,0.10001,#NAME?
14,0.03924,#NAME?
15,0.02911,#NAME?
16,0.03672,#NAME?
17,0.04088,#NAME?
18,0.05862,#NAME?
19,0.14728,#NAME?
20,0.13009,#NAME?
21,0.16158,#NAME?
22,0.07291,#NAME?
23,0.06947,#NAME?
24,0.12665,#NAME?
25,0.03744,#NAME?
26,0.10892,#NAME?
27,0.05174,#NAME?
28,0.03744,#NAME?
29,0.04757,#NAME?
30,0.12656,#NAME?
31,0.05508,#NAME?
32,0.10573,#NAME?
33,0.1641,#NAME?
34,0.05508,#NAME?
35,0.05508,#NAME?
36,0.06269,#NAME?
37,0.13107,#NAME?
38,0.14219,#NAME?
39,0.23107,#NAME?
40,0.25878,MTTS
41,0.64647,FFFF
42,0.27914,EKSL
43,0.42418,ILVI
44,0.74902,DDDD
45,0.51764,YYYE
46,0.54425,SSHS
47,0.57744,RRRK
48,0.5616,DDNN
49,0.35573,SRCQ
50,0.80033,FFFF
51,0.83836,LLLL
52,0.62524,KKKL
53,0.89779,DDDD
54,0.89779,GGGG
55,0.57705,QQEL
56,0.93583,PPPP
57,0.93583,FFFF
58,0.93583,RRRR
59,0.99998,YYYY
60,0.99998,IIII
61,0.99998,SSSS
62,0.99998,GGGG
63,0.99998,SSSS
64,0.95849,IIII
65,0.95849,HHHH
66,0.92628,YYYY
67,0.71884,SFSF
68,0.92628,RRRR
69,0.70107,VIII
70,0.82409,PPPP
71,0.86558,RRRR
72,0.48168,FFVD
73,0.60643,YYYR
74,0.7966,WWWW
75,0.48081,KEKD
76,0.63254,DDDE
77,0.86075,RRRR
78,0.82271,LLLL
79,0.63155,LLLG
80,0.82172,KKKK
81,0.59352,MMMV
82,0.46295,KKYR
83,0.59352,MMMA
84,0.59352,AAAL
85,0.82172,GGGG
86,0.6957,LLLF
87,0.92391,NNNN
88,0.89878,AAAA
89,0.89878,IIII
90,0.89878,QQQQ
91,0.58299,TMTY
92,0.89878,YYYY
93,0.70861,VVVI
94,0.86075,PPPP
95,0.92391,WWWW
96,0.92391,NNNN
97,0.70762,FFFM
98,0.81542,HHHH
99,0.77738,EEEE
100,0.45664,PPAL
101,0.3655,WQVE
102,0.54917,PPPE
103,0.67992,GGGG
104,0.55389,QQQN
105,0.63627,YYYH
106,0.53512,QEDD
107,0.79423,FFFF
108,0.76839,SSSS
109,0.64536,EGGG
110,0.61153,DDDL
111,0.44427,HRRL
112,0.68129,DDDD
113,0.39276,VVLF
114,0.49821,EEEA
115,0.2765,YHQE
116,0.65034,FFFF
117,0.36599,LILS
118,0.33195,RQQM
119,0.51083,LLLM
120,0.47329,AACA
121,0.29348,#NAME?
122,0.53617,HHQH
123,0.41703,EEDK
124,0.41171,LLIY
125,0.7629,GGGG
126,0.79561,LLLL
127,0.63687,LLLW
128,0.70102,VVVT
129,0.85316,IIII
130,0.68959,LLML
131,0.89119,RRRR
132,0.73906,PPPV
133,0.92923,GGGG
134,0.96194,PPPP
135,0.92391,YYYY
136,0.96194,IIII
137,0.92391,CCCC
138,0.69243,AAAG
139,0.84457,EEEE
140,0.6544,WWWL
141,0.63807,EDDE
142,0.69243,MMMN
143,0.88261,GGGG
144,0.88261,GGGG
145,0.92391,LLLL
146,0.96194,PPPP
147,0.77177,AAAW
148,0.89779,WWWW
149,0.89779,LLLL
150,0.81542,LLLL
151,0.46856,EEKN
152,0.75127,KKKK
153,0.27551,EQKN
154,0.32861,SSDV
155,0.52333,IIIT
156,0.39411,LVVK
157,0.60571,LLLQ
158,0.86003,RRRR
159,0.86003,SSSS
160,0.88587,SSSS
161,0.88587,DDDD
162,0.65767,PPPR
163,0.59451,DDDV
164,0.55647,YYYF
165,0.55647,LLLT
166,0.43085,AVAR
167,0.55647,AAAE
168,0.78468,VVVV
169,0.56839,DDDE
170,0.56839,KKKN
171,0.73245,WWWW
172,0.41171,LLMF
173,0.45469,GAGE
174,0.48778,VVKI
175,0.74437,LLLL
176,0.74437,LLLL
177,0.80753,PPPP
178,0.51822,KKIR
179,0.48551,MMIV
180,0.80625,KKKK
181,0.60465,PPRP
182,0.63076,LLYL
183,0.85848,LLLL
184,0.66831,YYYR
185,0.70102,QQQK
186,0.92391,NNNN
187,0.88261,GGGG
188,0.88261,GGGG
189,0.88261,PPPP
190,0.63807,VIIV
191,0.6544,IIIL
192,0.61637,TTTM
193,0.61637,VVVL
194,0.84784,QQQQ
195,0.6957,VVVI
196,0.92391,EEEE
197,0.96194,NNNN
198,0.96194,EEEE
199,0.99998,YYYY
200,0.96194,GGGG
201,0.96194,SSSS
202,0.96194,YYYY
203,0.77177,FFFD
204,0.89878,AAAA
205,0.83463,CCCC
206,0.83463,DDDD
207,0.52416,FYFQ
208,0.51921,DDNQ
209,0.80724,YYYY
210,0.64367,LLML
211,0.78802,RRRR
212,0.60623,FFHF
213,0.72859,LLLL
214,0.31139,QVSR
215,0.31139,KHQD
216,0.4676,RRLL
217,0.41929,FFFT
218,0.6538,RRRR
219,0.3243,HYFS
220,0.39684,HHYL
221,0.53273,LLLV
222,0.69019,GGGG
223,0.41042,DNED
224,0.60999,DDED
225,0.64802,VVAV
226,0.4958,VIVL
227,0.87139,LLLL
228,0.9041,FFFF
229,0.93682,TTTT
230,0.96194,TTTT
231,0.87956,DDDD
232,0.81886,GGGG
233,0.54631,AAAS
234,0.24222,HSGA
235,0.35058,KELE
236,0.24222,TKGS
237,0.28026,FMYL
238,0.77452,LLLL
239,0.77452,KKKK
240,0.81886,CCCC
241,0.8632,GGGG
242,0.52873,ATST
243,0.60404,LLLV
244,0.56601,QQQE
245,0.53754,GDGG
246,0.56283,LLLV
247,0.60087,YYYF
248,0.50968,TAAP
249,0.86003,TTTT
250,0.89806,VVVV
251,0.86762,DDDD
252,0.86302,FFFF
253,0.79455,GGGG
254,0.38802,#NAME?
255,0.34999,#NAME?
256,0.26761,#NAME?
257,0.25121,TTPD
258,0.41754,GGGA
259,0.22627,SNAK
260,0.43408,NNNE
261,0.4868,IIVI
262,0.49823,TTTE
263,0.29475,DQAN
264,0.47212,AAAN
265,0.695,FFFF
266,0.4123,LLEK
267,0.37082,SVAL
268,0.76003,QQQQ
269,0.722,RRRR
270,0.62258,KKHK
271,0.50085,CFVF
272,0.6142,EEEA
273,0.80437,PPPP
274,0.51634,KKRN
275,0.85659,GGGG
276,0.89462,PPPP
277,0.89462,LLLL
278,0.75276,IIVV
279,0.92074,NNNN
280,0.92074,SSSS
281,0.87954,EEEE
282,0.73057,FFFY
283,0.92074,YYYY
284,0.71473,TTPP
285,0.8827,GGGG
286,0.8827,WWWW
287,0.8827,LLLL
288,0.73373,DDDV
289,0.67394,HHHL
290,0.82291,WWWW
291,0.78487,GGGG
292,0.48588,QKEQ
293,0.55275,PPKK
294,0.50471,HHHK
295,0.46351,SSSQ
296,0.3547,TTVN
297,0.32877,IVVL
298,0.39782,KKPP
299,0.4102,TTTS
300,0.25899,#NAME?
301,0.18921,EKSQ
302,0.35249,ATAT
303,0.21801,VLVI
304,0.2435,AAVI
305,0.17059,STKN
306,0.22084,SSTG
307,0.35141,LLLS
308,0.24695,YYNQ
309,0.17404,DNET
310,0.27013,ILIM
311,0.43379,LLLY
312,0.36736,AAES
313,0.40844,RRIL
314,0.75431,GGGG
315,0.79234,AAAA
316,0.61196,SNNS
317,0.69243,VVVF
318,0.88261,NNNN
319,0.6544,LLLY
320,0.84784,YYYY
321,0.88587,MMMM
322,0.6957,FFFI
323,0.73373,IIIH
324,0.92391,GGGG
325,0.92391,GGGG
326,0.92074,TTTT
327,0.92074,NNNN
328,0.92074,FFFF
329,0.71473,AAGG
330,0.73057,YYYF
331,0.92074,WWWW
332,0.8827,NNNN
333,0.89169,GGGG
334,0.87684,AAAA
335,0.64863,NNNE
336,0.61795,STTT
337,0.48234,PPP-
338,0.51859,YYYE
339,0.40977,AEGA
340,0.57991,APPP
341,0.60369,QQQC
342,0.64172,PPPI
343,0.89169,TTTT
344,0.92391,SSSS
345,0.96194,YYYY
346,0.96726,DDDD
347,0.96726,YYYY
348,0.92923,DDDD
349,0.73295,AASA
350,0.89651,PPPP
351,0.66831,LLLI
352,0.69491,SSTS
353,0.89119,EEEE
354,0.66299,AAAS
355,0.89119,GGGG
356,0.86075,DDDD
357,0.67058,LLLV
358,0.89878,TTTT
359,0.54496,EKET
360,0.82271,KKKK
361,0.81955,YYYY
362,0.62937,FFFL
363,0.62865,AAAE
364,0.54894,LLII
365,0.75495,RRRR
366,0.43239,NEEK
367,0.40654,IVVW
368,0.70299,IIII
369,0.4331,QQKK
370,0.32417,KMMG
371,0.34866,FFYL
372,0.35001,EKKT
373,0.37542,KEDD
374,0.50824,VVVW
375,0.72985,PPPP
376,0.53508,EEET
377,0.52604,GGGP
378,0.52653,PPIP
379,0.34771,#NAME?
380,0.34771,#NAME?
381,0.36935,IILV
382,0.68477,PPPP
383,0.56308,PPPG
384,0.63155,SSSN
385,0.65767,TTTS
386,0.8098,PPPP
387,0.8098,KKKK
388,0.65767,FFFG
389,0.6957,AAAR
390,0.65767,YYYF
391,0.76546,GGGG
392,0.76229,KKKK
393,0.54945,VVVI
394,0.32774,TAQK
395,0.47046,LLMM
396,0.33491,ERKR
397,0.44826,KKKL
398,0.40502,LFLV
399,0.48946,KKKH
400,0.48629,TTTS
401,0.65034,VVVV
402,0.26359,GASE
403,0.33095,AEEK
404,0.30349,AATL
405,0.39602,LLLK
406,0.31158,DGDT
407,0.30636,IIVL
408,0.43792,LLLT
409,0.42208,CCSS
410,0.3705,PPFL
411,0.37113,SNSG
412,0.46631,GGGD
413,0.62921,PPPP
414,0.31877,#NAME?
415,0.34389,#NAME?
416,0.34072,---C
417,0.48401,IVVV
418,0.48533,KKKE
419,0.53797,SSTT
420,0.55814,LLLD
421,0.55232,YYYK
422,0.78052,PPPP
423,0.43782,LLPI
424,0.54228,TTTS
425,0.70634,FFFF
426,0.35783,ITIE
427,0.37899,QQET
428,0.33465,VVML
429,0.42795,KKNK
430,0.4645,QQQH
431,0.24378,HYAP
432,0.40042,YFFL
433,0.71449,GGGG
434,0.43674,FYFL
435,0.7937,VVVV
436,0.62937,LLLA
437,0.7554,YYYY
438,0.57451,RRQQ
439,0.55232,TTTA
440,0.39563,TTVK
441,0.46205,LLLI
442,0.46522,PPPN
443,0.30853,QQVS
444,0.30853,DDNC
445,0.43911,CCCG
446,0.26419,SSVN
447,0.32834,NNKL
448,0.4506,PPPT
449,0.22543,AKTI
450,0.66343,PPPP
451,0.32722,#NAME?
452,0.48211,LFLF
453,0.51859,SSSG
454,0.48056,SSSD
455,0.51499,PPPF
456,0.39282,LFLV
457,0.49331,NNNH
458,0.49331,GGGV
459,0.49331,VVVY
460,0.39282,HRHL
461,0.55647,DDDN
462,0.55331,RRRG
463,0.52746,AAAK
464,0.71664,YYYY
465,0.51063,VVII
466,0.39725,ASSD
467,0.37078,VVIT
468,0.4372,DDDL
469,0.41425,GGGT
470,0.31448,IVIR
471,0.30979,PPAR
472,0.34783,QQAY
473,0.45328,GGGY
474,0.38721,VIIN
475,0.77076,LLLL
476,0.43674,EDET
477,0.73076,RRRR
478,0.73484,NNNN
479,0.24058,NLKS
480,0.35249,VMAV
481,0.31445,ITLI
482,0.16353,TASI
483,0.27388,LLIE
484,0.42622,NNNG
485,0.44798,IIIC
486,0.36671,TRTL
487,0.51844,GGGE
488,0.49232,KKKN
489,0.46621,AAAE
490,0.49665,GGGE
491,0.36608,AASN
492,0.32174,TTHR
493,0.51695,LLVL
494,0.52838,DDDF
495,0.37082,LIVM
496,0.84685,LLLL
497,0.84153,VVVV
498,0.87956,EEEE
499,0.96194,NNNN
500,0.70762,MMMQ
501,0.85976,GGGG
502,0.82172,RRRR
503,0.46295,VVIK
504,0.54917,NNNT
505,0.46649,YYYF
506,0.46649,GGGE
507,0.30892,ARKT
508,0.34539,YFG-
509,0.75884,IIII
510,0.79687,NNNN
511,0.87925,DDDD
512,0.73373,FFFR
513,0.86075,KKKK
514,0.82803,GGGG
515,0.59983,LLLI
516,0.44909,VIVL
517,0.56327,SSFS
518,0.47351,NNND
519,0.32522,LMLV
520,0.44985,TTTF
521,0.27457,LILM
522,0.26099,SNGN
523,0.2689,SSAG
524,0.15164,NTDQ
525,0.24341,IVVA
526,0.43334,LLLI
527,0.36691,TTVQ
528,0.38676,DNNF
529,0.70589,WWWW
530,0.67977,TTTT
531,0.38649,IVVQ
532,0.36664,FFYC
533,0.3025,PPSG
534,0.36892,LLLI
535,0.1284,DNSK
536,0.21391,TTVL
537,0.24002,EEDP
538,0.12121,DAE-
539,0.18578,AMA-
540,0.34448,VVVL
541,0.24002,RRSQ
542,0.1492,SNKE
543,0.24596,HHGD
544,0.35386,LLLF
545,0.11393,GWLY
546,0.22674,GGSF
547,0.24423,WRAR
548,0.10975,GESK
549,0.23733,HAGA
550,0.22073,RSSM
551,0.2152,DDSR
552,0.22967,SESN
553,0.21131,GG--
554,0.1925,HH--
555,0.13436,HL--
556,0.12726,DDT-
557,0.04852,EGS-
558,0.03259,ARSN
559,0.07274,WSTY
560,0.07903,ATSR
561,0.09757,HSTK
562,0.34589,NNPN
563,0.20721,SSPV
564,0.20721,SSPK
565,0.1343,NDAS
566,0.22147,YLLN
567,0.12925,TISQ
568,0.2465,LLPK
569,0.42142,PPPQ
570,0.2737,ATTG
571,0.4853,FFFV
572,0.4853,YYYF
573,0.26359,MVTI
574,0.70663,GGGG
575,0.38589,NNSI
576,0.50161,FFFL
577,0.54015,SSIS
578,0.46065,IIIV
579,0.39763,PPP-
580,0.29503,SSD-
581,0.41549,GGG-
582,0.41549,III-
583,0.46838,PPP-
584,0.76524,DDDD
585,0.62795,LLLA
586,0.87102,PPPP
587,0.66959,QQQT
588,0.82172,DDDD
589,0.82172,TTTT
590,0.46295,FFYW
591,0.59352,IIIL
592,0.5608,QQQD
593,0.5608,FFFT
594,0.54258,PPPT
595,0.60721,GGDG
596,0.80882,WWWW
597,0.39693,TSRG
598,0.80882,KKKK
599,0.8035,GGGG
600,0.57529,QQQI
601,0.65767,VVVA
602,0.65767,WWWI
603,0.61963,IIIV
604,0.84784,NNNN
605,0.82172,GGGG
606,0.66959,FFFR
607,0.89779,NNNN
608,0.57705,LLVF
609,0.89779,GGGG
610,0.93583,RRRR
611,0.87512,YYYY
612,0.87611,WWWW
613,0.87611,PPPP
614,0.57259,ATST
615,0.56032,RMRK
616,0.79374,GGGG
617,0.79374,PPPP
618,0.85444,QQQQ
619,0.46768,LKIM
620,0.84153,TTTT
621,0.84153,LLLL
622,0.59193,FFFY
623,0.61115,VVVI
624,0.73717,PPPP
625,0.44002,QRAA
626,0.37704,HNHE
627,0.37208,IILF
628,0.65479,LLLL
629,0.23819,MTSK
630,0.45262,TTTI
631,0.51677,SSSG
632,0.32232,AAVE
633,0.33521,PPQ-
634,0.6874,NNNN
635,0.36801,TNNS
636,0.52335,IIIV
637,0.59379,TTTM
638,0.59379,VVVM
639,0.65767,LLLV
640,0.8035,EEEE
641,0.80882,LLLL
642,0.80882,EEEE
643,0.39693,WFAG
644,0.60721,AASA
645,0.51745,PPPE
646,0.45357,CCCE
647,0.47652,SSSA
648,0.31497,SESC
649,0.28077,DGGT
650,0.27241,DTSS
651,0.26439,PP-T
652,0.24517,EE-S
653,0.27102,LL-S
654,0.60977,CCCC
655,0.26652,ATMI
656,0.49273,VVVA
657,0.43214,TEED
658,0.68766,FFFF
659,0.44929,VVTI
660,0.77536,DDDD
661,0.45569,RTTH
662,0.69271,PPPP
663,0.51071,VVIV
664,0.27096,IILF
665,0.17967,GSND
666,0.10577,S-GF
667,0.06559,S-TQ
668,0.1496,V-V-
669,0.11475,T-N-
670,0.12444,Y-S-
671,0.13412,D-Q-
672,0.12526,H-Y-
673,0.12526,P-K-
674,0.12526,S-R-
675,0.12526,K-Q-
676,0.13412,P-L-
677,0.13412,V-F-
678,0.13412,E-N-
679,0.17845,K-K-
680,0.13412,R-Q-
681,0.1353,L-D-
682,0.13647,M-L-
683,0.12878,P-L-
684,0.13584,P---
685,0.13702,P---
686,0.13819,P---
687,0.13937,Q---
688,0.13937,K---
689,0.13937,N---
690,0.13937,K---
691,0.13937,D---
692,0.13937,S---
693,0.13937,W---
694,0.13937,L---
695,0.13937,D---
696,0.13937,H---
697,0.13937,V---