0,0.13321,--M---
1,0.13321,--S---
2,0.13321,--P---
3,0.14167,--R---
4,0.1444,--S---
5,0.16004,--PM--
6,0.17729,--LL--
7,0.17606,--RL--
8,0.17402,--ILMM
9,0.17565,--SGTG
10,0.22461,MMPRAA
11,0.16112,KNFNRH
12,0.19127,-VGHGH
13,0.19018,-LVILP
14,0.209,QWHFAA
15,0.37208,LIIRLL
16,0.38393,LILLGG
17,0.38253,IAILLL
18,0.42291,FLALLL
19,0.35285,CVAALL
20,0.36218,LGVTLL
21,0.4294,LQLVLL
22,0.43457,FLFLLL
23,0.24975,G-----
24,0.2165,SMTLCC
25,0.19238,IRLSPP
26,0.16606,FLIHAA
27,0.22402,HVQWQQ
28,0.25392,HQSVVV
29,0.27441,GGSHFF
30,0.27424,DTKGSS
31,0.49113,AAQQQQ
32,0.31662,GTDHSS
33,0.71281,CCCCCC
34,0.54394,IAVIVV
35,0.59469,MMWWWW
36,0.68823,RYYYYY
37,0.7819,GGGGGG
38,0.45886,LNVEEE
39,0.73083,CCCCCC
40,0.45567,QGNGGG
41,0.32773,KKTNII
42,0.242,HKNSAA
43,0.19393,TSDPYT
44,0.16591,EV-N--
45,0.13455,---V--
46,0.17019,-FFPGG
47,0.14947,NGSEDD
48,0.23967,ANHKKK
49,0.26182,YESKRR
50,0.30982,GLQLYY
51,0.49242,PPNNNN
52,0.65736,CCCCCC
53,0.34117,VPPNEK
54,0.46496,TVYYYY
55,0.3727,NPNTSS
56,0.3639,DRGGGG
57,0.36775,TSTPPP
58,0.25693,NF----
59,0.24252,V-----
60,0.29855,EE----
61,0.24564,P-----
62,0.24909,T-----
63,0.44896,APAAPP
64,0.30006,FPKVKK
65,0.28301,DVEPPP
66,0.37846,KLMLLL
67,0.28401,TSAPPP
68,0.23459,HDTNKK
69,0.36565,PEDEDD
70,0.40339,ATGGGG
71,0.36696,YSLQYY
72,0.45649,EKEEDD
73,0.56516,KLLLLL
74,0.44775,MLLLVV
75,0.50722,VVKQQQ
76,0.65053,EEKEEE
77,0.40247,FVRLLL
78,0.72699,CCCCCC
79,0.56411,PGGPPP
80,0.29943,HEFRGG
81,0.47124,LELLFL
82,0.29365,LWLVFF
83,0.18972,TKEYFF
84,0.22342,--N---
85,0.21621,GESAGD
86,0.25853,DVEDNN
87,0.41714,NRNNVV
88,0.41728,KYKRSS
89,0.46224,LAFVLL
90,0.73973,CCCCCC
91,0.71126,CCCCCC
92,0.60892,TTDDDD
93,0.43333,PKKTVI
94,0.3545,SDNQRQ
95,0.65473,QQQQQQ
96,0.43238,AVVLLL
97,0.40022,EVENQQ
98,0.40338,GALTTT
99,0.68824,LLLLLL
100,0.37781,TRNKKK
101,0.4573,KDKSDS
102,0.5642,QNNNNN
103,0.43279,ILVILL
104,0.44066,AQEQQQ
105,0.35929,QKLILL
106,0.48087,AAAPPP
107,0.34413,RQGLLL
108,0.34413,HPNQQQ
109,0.40284,ILIYFF
110,0.61524,LILLLL
111,0.55394,GSDSSS
112,0.71168,RSRRRR
113,0.88036,CCCCCC
114,0.86025,PPPPPP
115,0.69017,SASASS
116,0.85593,CCCCCC
117,0.61393,FLMFFF
118,0.38629,DKEFYY
119,0.71716,NNNNNN
120,0.53875,FFLFLL
121,0.32768,ANVMLM
122,0.44528,KNRTNT
123,0.61155,LLHLLL
124,0.48876,WFIFFF
125,0.79538,CCCCCC
126,0.64834,EHQEEE
127,0.70915,FFFLLL
128,0.8838,TTTTTT
129,0.81115,CCCCCC
130,0.74313,SASSSS
131,0.71051,PAPPPP
132,0.39484,NDKRRH
133,0.75809,QQQQQQ
134,0.40867,QGASSS
135,0.38232,DREQQQ
136,0.73575,FFFFFF
137,0.38293,VVMILL
138,0.43569,SNHSNN
139,0.51604,IIVVVV
140,0.31186,STVKTT
141,0.30306,EKADAA
142,0.26966,MVT-TT
143,0.23473,KEQ-EE
144,0.20831,P-----
145,0.2015,I-----
146,0.20054,E-----
147,0.19065,K-----
148,0.19435,K-----
149,0.21071,EKK-DD
150,0.17612,GSNFYY
151,0.21773,F---VF
152,0.20542,T---DD
153,0.25349,P---PP
154,0.18205,E--LVK
155,0.19539,Y--KTT
156,0.25997,QKKENQ
157,0.23482,PEKKQE
158,0.19475,ADGNTN
159,0.3032,EKDQKK
160,0.27637,ADETTT
161,0.29786,YIYSNN
162,0.52175,VVIVVV
163,0.26876,NASGKK
164,0.35324,TESNEE
165,0.4934,VLVVLL
166,0.32085,EDDTQE
167,0.41235,YVLYYY
168,0.3172,RFHYYF
169,0.28919,LMIIVV
170,0.32919,SNSTGG
171,0.40217,TSTQQQ
172,0.34344,DSETSS
173,0.43534,FWYFFF
174,0.55247,AAIAAA
175,0.37688,ESNDNN
176,0.36356,GEKAAA
177,0.47797,MFTMMM
178,0.55252,FYYFYY
179,0.41017,SDKNNN
180,0.59371,SSSAAA
181,0.76368,CCCCCC
182,0.48253,KKSRRR
183,0.52611,DNQDDD
184,0.60979,VIVVVV
185,0.28551,TKSQEE
186,0.39922,FFVAAA
187,0.41463,GSPPPP
188,0.26205,-AQSSS
189,0.31397,-TTSSS
190,0.50295,GNGNNN
191,0.34075,QGQIDE
192,0.37329,PYLKKK
193,0.71853,AAAAAA
194,0.49203,LMFLLL
195,0.49174,RDDGGG
196,0.64027,VLLLLL
197,0.46844,MIMLLL
198,0.56794,CGCCCC
199,0.52383,TGGGGG
200,0.27318,SGARKR
201,0.24999,--Y---
202,0.24932,--SDDD
203,0.29683,--AAAA
204,0.25578,T-SSDR
205,0.32684,PARVAA
206,0.54467,CKCCCC
207,0.49613,TNNTNN
208,0.38783,LYPPAA
209,0.52511,TSTQTT
210,0.39776,NQKINN
211,0.57405,WFWWWW
212,0.46119,LLFIII
213,0.42452,EKNQEE
214,0.55494,FFFYYY
215,0.43117,ILMMMM
216,0.49026,GGGFFF
217,0.32369,TDDSNN
218,0.28762,QAAIKK
219,0.21852,NKTSDD
220,0.23726,LP----
221,0.23614,DM----
222,0.27687,-LNNNN
223,0.40349,LGPGGG
224,0.36253,NGYQQQ
225,0.36284,ISVVAA
226,0.70947,PPPPPP
227,0.54448,IFFFFF
228,0.38929,HQQGTT
229,0.55617,TIIIII
230,0.2775,KNTETI
231,0.33448,FYYPPP
232,0.29111,LKIIVV
233,0.25628,LYQFFF
234,0.19457,YDHTSS
235,0.34142,DLEDDD
236,0.21243,P-----
237,0.14029,IAPVFL
238,0.26298,K-K---
239,0.20677,T-----
240,0.18097,PNS---
241,0.26836,PENPPS
242,0.25382,SESVVI
243,0.16601,DKNQHL
244,0.27691,RENGGG
245,0.29056,SWFMMM
246,0.42489,TQTTEE
247,0.44343,YEPPPP
248,0.45634,MFLMMM
249,0.60213,NNNNNR
250,0.414,VDVNNN
251,0.27784,NETRAA
252,0.45158,FVTTTT
253,0.29255,TYVFKK
254,0.35445,GAPNGG
255,0.66278,CCCCCC
256,0.42725,DDNSDN
257,0.31661,K-QQEE
258,0.39731,S-ASSS
259,0.26151,A-VLVV
260,0.22285,R-SDDD
261,0.23898,VDSDEE
262,0.25185,GAKGVV
263,0.25655,WQLSTT
264,0.33893,PYPEAG
265,0.46225,AKAPPP
266,0.73322,CCCCCC
267,0.66812,SASSSS
268,0.70335,TCCCCC
269,0.67932,SSSQQQ
270,0.62527,EDDDDD
271,0.73689,CCCCCC
272,0.42393,NQDSSS
273,0.39881,KELEII
274,0.42694,ESSVVV
275,0.46782,ECCCCC
276,0.36953,YPPGGG
277,0.30734,AHQPPP
278,0.24393,NLGTKK
279,0.3557,LKPPPP
280,0.25801,I-----
281,0.31702,DPPVQQ
282,0.39942,LLEPPP
283,0.38565,DKPPPP
284,0.46012,DDPPPP
285,0.32395,GGRIPP
286,0.28729,KV----
287,0.25394,TC----
288,0.25802,SK----
289,0.34994,GVPPPP
290,0.16905,QGEPAM
291,0.44871,TPPPPP
292,0.26963,CLFWWW
293,0.20645,NPKITR
294,0.42529,VCIIII
295,0.2775,HFVLLW
296,0.54633,GSGGGG
297,0.54828,ILLLLL
298,0.42824,ASDDDD
299,0.45025,CVAAAA
300,0.42001,LLYMMM
301,0.2751,NIFSYY
302,0.37191,IFVFVV
303,0.36732,FYIIII
304,0.35676,VTMMMM
305,0.30321,MIAWWW
306,0.24629,LCACIV
307,0.30615,AAVSTT
308,0.35889,FLFYYY
309,0.27051,IFLIMV
310,0.38427,GAVAAA
311,0.39615,SFGFFF
312,0.37659,L-VLLL
313,0.31981,A-LLLF
314,0.3859,V-VIVV
315,0.33671,L-FFFF
316,0.30791,L-LFFF
317,0.24339,C-MGGG
318,0.24781,V--VAA
319,0.16458,G--VFL
320,0.21442,---LFL
321,0.22814,--GGAA
322,0.16861,-MSAVV
323,0.3997,FWFWWW
324,0.21309,-YLCCC
325,0.21645,-YFYYH
326,0.25299,VLTRRR
327,0.16214,FCQRKR
328,0.15466,TKGSRR
329,0.23165,SRSVYY
330,0.17309,YKSVFF
331,0.20351,DKMTVV
332,0.27254,ENDSSS
333,0.34167,DGDEEE
334,0.39297,YANYYY
335,0.34845,TMFGTT
336,0.31945,NIQPPP
337,0.35045,LVVIII
338,0.36653,RDDLDD
339,0.25648,QDGDSS
340,0.19009,TDNS--
341,0.23466,QIDNNN
342,0.18701,-VVQII
343,0.16738,-PSPAA
344,0.16903,-E-HFF
345,0.18905,---SSS
346,0.13032,-SDLVV
347,0.18857,-GENNN
348,0.18226,-SM-AS
349,0.18294,-LP-SS
350,0.34754,SDYSDD
351,0.22973,GESDKK
352,0.32543,ESEDGG
353,0.51249,EENEEE
354,0.29184,STDAAA
355,0.37771,PNSSSS
356,0.27762,KV----
357,0.24871,RF----
358,0.24785,NE----
359,0.2388,RSYCCC
360,0.29961,IFFCCC
361,0.26608,KNEEDD
362,0.24508,RNKTPP
363,0.28198,TELVVL
364,0.42005,GTGGSG
365,0.41607,ANAEAA
366,0.25648,WFHRAA
367,0.39336,IFTFFF
368,0.33919,HNEEED
369,0.33006,NGTNGD
370,0.34879,FKFSCC
371,0.47641,MLLLLL
372,0.40844,EAERRR
373,0.37146,NNTLRR
374,0.31692,NLFVLM
375,0.5142,AFFFFF
376,0.48464,RTTSTT
377,0.44337,DKKRRK
378,0.46523,IVWWWW
379,0.66493,GGGGGG
380,0.29847,MQTSSA
381,0.36683,MFYLFF
382,0.38476,ASFCCC
383,0.46366,GVAVVV
384,0.48833,RESRRR
385,0.59765,NNNQNN
386,0.6896,PPPPPP
387,0.32895,KYGLGT
388,0.31659,SKLTCC
389,0.33078,HITIVI
390,0.32447,FLLIII
391,0.36135,FIILFF
392,0.23342,ITASFF
393,0.35525,GTGSSS
394,0.28614,CVALLL
395,0.26291,AFSVVA
396,0.26567,VSLLFF
397,0.35464,LIVIII
398,0.23868,IFVCTT
399,0.28559,FVIIAV
400,0.3735,CFLCCC
401,0.37494,LSGSSS
402,0.25377,PFYASS
403,0.24687,-I----
404,0.50858,GIGGGG
405,0.27944,MFILLL
406,0.22711,IQNSVV
407,0.44525,YYFYFF
408,0.21106,HAIMVV
409,0.27621,KTERRQ
410,0.36493,ELIIVV
411,0.45114,SETTTT
412,0.73646,TTTTTT
413,0.59511,NDDNNN
414,0.64226,VPPPPP
415,0.71942,VIVVVV
416,0.47885,DNKEDE
417,0.64744,MLLLLL
418,0.79398,WWWWWW
419,0.54434,SVASSS
420,0.6669,SSSAAA
421,0.67352,PKPPPP
422,0.43673,RNNSSH
423,0.76165,SSSSSS
424,0.43726,REKRQQ
425,0.55453,AKSAAA
426,0.66924,RFRRRR
427,0.49377,QKLQLL
428,0.75018,EEEEEE
429,0.55826,EKRKKK
430,0.56826,MEENEE
431,0.52796,VYFYYY
432,0.71409,FFFFFF
433,0.62042,NDDDDD
434,0.41926,ADTQQK
435,0.56159,NNKHHH
436,0.77312,FFFFFF
437,0.64035,GGSGGG
438,0.68248,RPPPPP
439,0.68359,PFFFFF
440,0.54146,QYYFFF
441,0.81797,RRRRRR
442,0.58204,YTLTTT
443,0.65687,QEEEEE
444,0.80142,QQQQQQ
445,0.57136,IIILLL
446,0.47347,MFIIII
447,0.43898,LVIIII
448,0.20103,LVKTRQ
449,0.26372,SNATAA
450,0.22551,HEVPPP
451,0.15532,RTNWLN
452,0.18949,D-LTTT
453,0.14159,--PEDS
454,0.13392,--QEKV
455,0.15264,--IGHH
456,0.15044,--VGII
457,0.15673,--HFYY
458,0.15207,---SQE
459,0.16097,---TPP
460,0.16935,--N-YY
461,0.12789,F-TIPP
462,0.13142,Q-STSA
463,0.16066,S-NGGG
464,0.11872,S-GDAA
465,0.14027,G-PIDD
466,0.19604,K-YIVV
467,0.30564,L-TPPP
468,0.40457,Y-FFFF
469,0.62613,GGGSGG
470,0.72604,PPPPPP
471,0.52049,VVVIPP
472,0.55925,FLFLLL
473,0.36242,HSDNDN
474,0.30676,KYRLIK
475,0.36368,DEESQE
476,0.33128,ITFLII
477,0.49244,FLLLLL
478,0.43589,EHTHHH
479,0.41355,EWKQQQ
480,0.50243,LWVVVV
481,0.55702,FFLLLL
482,0.70621,DDDDDD
483,0.47764,IVLLLL
484,0.52448,LEQQQQ
485,0.45043,NNELII
486,0.414,AFGEAA
487,0.70716,IIIIII
488,0.44108,KTKEEE
489,0.45613,NEENNS
490,0.47186,IEILII
491,0.23125,SLNITT
492,0.26535,T--AAA
493,0.2039,Q--ESS
494,0.19221,D-----
495,0.22279,SQ-YYY
496,0.21057,DS-KDN
497,0.28546,GSAGNN
498,0.3824,RENEEE
499,0.42462,TNGNTT
500,0.44238,IITVVV
501,0.53248,TGQTTT
502,0.63301,LYLLLL
503,0.53721,DQKKQQ
504,0.7804,DDDDDD
505,0.54264,VLIIII
506,0.79887,CCCCCC
507,0.51306,YFYVLV
508,0.52729,RRASAA
509,0.77221,PPPPPP
510,0.47166,MTLLLL
511,0.46489,GESSSS
512,0.52028,PDDPPP
513,0.26855,G-DYYY
514,0.25144,--GNNN
515,0.18839,--S---
516,0.14662,--E---
517,0.14447,--I---
518,0.14658,--D---
519,0.21881,--V---
520,0.25878,YSSDTK
521,0.33857,DTQNNN
522,0.6621,CCCCCC
523,0.47981,LVVTTT
524,0.63028,IIVIII
525,0.44661,MEQLLM
526,0.71276,SSSSSS
527,0.45071,PFIVVV
528,0.54603,TTWLLL
529,0.61461,NQGNNN
530,0.7774,YYYYYY
531,0.7774,FFFFFF
532,0.65277,QQGQQQ
533,0.51412,GGDNNN
534,0.3782,NADSSS
535,0.35617,KLRHHH
536,0.43547,EPEESA
537,0.36244,HNRVVV
538,0.55594,LKLLLL
539,0.64793,DDDDDD
540,0.3058,MSDHHS
541,0.26004,K-HEKQ
542,0.1705,S-DFKV
543,0.13208,N-EQGG
544,0.16761,K-----
545,0.1723,E-----
546,0.18587,E-----
547,0.19368,T-----
548,0.19368,V-----
549,0.22771,S-----
550,0.23316,E-----
551,0.23399,D-----
552,0.42587,D-DDDD
553,0.26937,D-NEDD
554,0.24632,A-GFFF
555,0.35074,F-FFFY
556,0.14027,D-NLVI
557,0.20267,Y-----
558,0.20183,F-----
559,0.18011,S-----
560,0.19368,S-----
561,0.19821,E-----
562,0.1904,A-----
563,0.19123,T-----
564,0.24891,T--YYY
565,0.19178,D-VNAA
566,0.23963,E-TDDD
567,0.43559,WWYYYY
568,0.29774,MKLHHH
569,0.31015,NRDTTT
570,0.41616,HEAHHH
571,0.41691,MLLLFF
572,0.35016,AQYLLL
573,0.34931,AEDYYY
574,0.63125,CCCCCC
575,0.38709,IGIAVV
576,0.35565,DKSSRR
577,0.32004,QFNSAA
578,0.62318,PPPPPP
579,0.26532,M--TAA
580,0.36496,S--SSS
581,0.31028,Q--LLL
582,0.22697,K--DNN
583,0.2615,T--DDD
584,0.24621,K--TTT
585,0.31139,S--SSS
586,0.21347,---RLL
587,0.23179,---LLL
588,0.30569,G--HHH
589,0.27374,LVYDDG
590,0.35044,SNLPPP
591,0.70631,CCCCCC
592,0.57865,MLLMLL
593,0.5767,GPAGGG
594,0.71801,TTPTTT
595,0.66713,YFYFFF
596,0.70261,GQGGGG
597,0.68216,GQGGGG
598,0.79228,PPPPPP
599,0.54233,SLVVVV
600,0.43879,AKDFFF
601,0.62148,PTPPPP
602,0.45984,NNAWWW
603,0.49021,MLILLL
604,0.52931,VLAVVV
605,0.5386,FFLLLL
606,0.56222,GSGGGG
607,0.41864,KDGGGG
608,0.31177,NDFYYY
609,0.20964,S-LEDD
610,0.20268,T-PDDD
611,0.15777,--PSQQ
612,0.13828,--G---
613,0.14106,--D---
614,0.13518,--Q---
615,0.13321,--L---
616,0.13321,--T---
617,0.14848,--G---
618,0.15812,--S---
619,0.16776,--T---
620,0.26954,NDKANN
621,0.31361,HIFYYY
622,0.33789,QLENNN
623,0.46092,ANLNNN
624,0.70399,AAAAAA
625,0.48002,NHNTTT
626,0.57928,SAAAAA
627,0.52683,IFILLL
628,0.48568,MVIVVV
629,0.42476,MVLIII
630,0.74378,TTTTTT
631,0.51347,ILFFFF
632,0.61651,LLLPPP
633,0.6679,VLVVVV
634,0.49923,TTKTNN
635,0.56952,QNNNNN
636,0.42075,RHHYYY
637,0.34218,TTHLYY
638,0.33031,--NNNN
639,0.24237,--KDDD
640,0.25001,E--TTT
641,0.25158,P-TEEE
642,0.20564,E-DKKR
643,0.37596,I-LLLL
644,0.44327,QQEGQQ
645,0.33328,KSNKRR
646,0.71382,AAAAAA
647,0.41492,ENLLQW
648,0.47074,LRTAAA
649,0.80274,WWWWWW
650,0.78071,EEEEEE
651,0.67843,KEKKKK
652,0.57196,ERKEEE
653,0.65049,FLFFFF
654,0.38425,LEVIII
655,0.33458,KEERNS
656,0.56223,FYFFFF
657,0.35518,CLMMVV
658,0.46392,KLTKKK
659,0.44635,EDNNNN
660,0.5456,YLYYYY
661,0.3706,RKTEKK
662,0.33897,EVKNNN
663,0.39247,KPNPPP
664,0.34214,SENNNN
665,0.25768,PGMLLL
666,0.20232,--S---
667,0.18654,--Q---
668,0.22068,K-Y---
669,0.24277,VLM---
670,0.35081,IRDTTT
671,0.45763,FIIVII
672,0.58446,SSASSS
673,0.76418,FFFFFF
674,0.50287,MNTSTT
675,0.61211,ATSSAA
676,0.8483,EEEEEE
677,0.71004,RIRRRR
678,0.85854,SSSSSS
679,0.79563,ILIIII
680,0.73367,TEEEEE
681,0.74243,DKDDDD
682,0.82042,EEEEEE
683,0.63083,ILLILL
684,0.54562,ENNDNN
685,0.56555,NNRRRR
686,0.41226,D-EEEE
687,0.41579,A-SSSS
688,0.39838,KNQNDN
689,0.42908,DNSSSS
690,0.57626,EDDDDD
691,0.58062,IIVVVV
692,0.42777,VSLSFF
693,0.76977,TTTTTT
694,0.62614,VVIIVV
695,0.49487,VALVVI
696,0.66965,IIVIII
697,0.57973,ASSSSS
698,0.58036,LYYYYY
699,0.46026,ALLIAV
700,0.41318,FMIIIV
701,0.5978,LMMMMM
702,0.57905,IFFFFF
703,0.4275,GLMVLL
704,0.71551,YYYYYY
705,0.47724,VAIIII
706,0.49991,TTASSS
707,0.41206,FWIVLL
708,0.58572,SASAAA
709,0.72085,LLLLLL
710,0.5873,GRGGGG
711,0.55161,RRHRHH
712,0.33524,YKVIMI
713,0.26885,FDKNKQ
714,0.26729,VGESSS
715,0.33362,CKFCCC
716,0.18647,ETKRRS
717,0.21787,N-----
718,0.21592,Q-----
719,0.19171,L-----
720,0.21474,W-----
721,0.24556,S-RTRR
722,0.25021,I-VLLL
723,0.36792,L-FLLL
724,0.40294,V-IVVV
725,0.41139,H-DDDD
726,0.51668,S-SSSS
727,0.57123,RRKKKK
728,0.59737,ILIIVI
729,0.49413,CLTSSS
730,0.77766,LLLLLL
731,0.78173,GGGGGG
732,0.63017,MIIIII
733,0.48812,LSGAAA
734,0.66059,SGGGGG
735,0.53322,VLVIII
736,0.64022,ILILLL
737,0.81276,IIIIII
738,0.70037,NVVVVV
739,0.84197,LLLLLL
740,0.56871,LAASSS
741,0.80124,SSSSSS
742,0.57311,SIVVVV
743,0.49019,FVVAAA
744,0.68566,CCSCCC
745,0.63871,SASSSS
746,0.46073,WAVLLL
747,0.78244,GGGGGG
748,0.52387,IFVIVI
749,0.62473,FLFFFF
750,0.58677,STGSSS
751,0.51854,MLYYYY
752,0.52897,FFIIIM
753,0.71208,GGGGGG
754,0.50236,ILLILM
755,0.51067,HKPPPP
756,0.44855,PSALLL
757,0.57012,VTTTTT
758,0.55228,KLLLLL
759,0.57102,NIIIII
760,0.51957,AIIVVV
761,0.46114,LAVIII
762,0.63361,VEEEEE
763,0.80219,VVVVVV
764,0.68452,QIIIII
765,0.72508,FPPPPP
766,0.86556,FFFFFF
767,0.69698,VLLLLL
768,0.70856,VIVVVV
769,0.70633,TLLLLL
770,0.6843,LAAAAA
771,0.59059,LIVVVV
772,0.81872,GGGGGG
773,0.70856,VIVVVV
774,0.70633,CDDDDD
775,0.70633,RNNNNN
776,0.65569,TIIIII
777,0.79617,FFFFFF
778,0.54323,MLIIII
779,0.49305,VILILL
780,0.64222,VTVVVV
781,0.47134,KHQQQQ
782,0.42801,YETTAT
783,0.61812,YYHYYY
784,0.44988,ADQQQQ
785,0.54362,QRRRRR
786,0.46232,QNDDDD
787,0.33879,RC----
788,0.4574,VEQEEE
789,0.42612,SQRRRR
790,0.4128,MKKMLL
791,0.55869,PPPPQQ
792,0.38447,YENEGE
793,0.45483,MYEEEE
794,0.4428,SSTETT
795,0.39434,PILLLL
796,0.42838,DDEHDD
797,0.30336,Q-----
798,0.30223,C-----
799,0.30028,P-----
800,0.51216,EQQQQQ
801,0.4388,IKQQQQ
802,0.44784,VIVILL
803,0.60197,GIGGGG
804,0.47794,MSRRRR
805,0.44378,VAIIVI
806,0.45357,MILLLL
807,0.50672,AGGGGG
808,0.32825,GRKDEE
809,0.46592,TMVVVV
810,0.41197,MSGAAA
811,0.72257,PPPPPP
812,0.53721,ASSSST
813,0.66357,MIMMMM
814,0.66201,FLLFFF
815,0.55012,SMLLLL
816,0.66985,SSTSSS
817,0.64485,SLSSSS
818,0.58878,LLLFFF
819,0.49329,GCSSSS
820,0.46438,CQEEEE
821,0.48655,ATSTTT
822,0.43851,FGFVVS
823,0.47613,SCCAAA
824,0.75546,FFFFFF
825,0.65994,FLFFFF
826,0.57226,IILLLF
827,0.68984,GAGGGG
828,0.58333,GAGAAA
829,0.57725,FFLLLL
830,0.54865,TVSSSS
831,0.52578,DTDTVS
832,0.66847,LMMMMM
833,0.80983,PPPPPP
834,0.81453,AAAAAA
835,0.72986,IVVVVV
836,0.69107,RHRRHH
837,0.61479,TNATTT
838,0.79554,FFFFFF
839,0.54708,CAASSS
840,0.7007,LILLLL
841,0.65903,YYYFFF
842,0.6767,ASAAAA
843,0.68917,GTGGGG
844,0.55085,LVVLLM
845,0.66917,ASAAAA
846,0.58713,VVLIVV
847,0.50466,LIIFFL
848,0.6563,IFIIII
849,0.67833,DNDDDD
850,0.56464,VGFFFF
851,0.6411,VVLLLL
852,0.80628,LLLLLL
853,0.64099,HQQQQQ
854,0.57208,CLIIII
855,0.72176,TTTSTT
856,0.54806,IACCCC
857,0.67816,FYFFFF
858,0.66251,LVVVVV
859,0.61764,ASSSSS
860,0.6667,LILLLL
861,0.61601,FLFLLL
862,0.44405,VSTGGG
863,0.61652,WLLLLL
864,0.66888,DYDDDD
865,0.50887,TETIII
866,0.62389,QKKKKK
867,0.71931,RRRRRR
868,0.38155,ESRQQQ
869,0.44886,LNEEEE
870,0.28191,NYEAKK
871,0.36667,GKNNNN
872,0.31299,KQRRRH
873,0.27397,PIMMLL
874,0.37669,ETDDDD
875,0.32405,F-IIII
876,0.25621,F-CLFL
877,0.31348,F-CCCC
878,0.22867,P-FCCC
879,0.21494,Y-IVVV
880,0.2099,Q-KKRR
881,0.19549,I-----
882,0.19465,K-----
883,0.24329,D-----
884,0.2486,L-----
885,0.24127,L-----
886,0.48082,GGGLGG
887,0.25848,A-KSAA
888,0.18738,Y-KDED
889,0.17929,L-PGDD
890,0.1546,I--QGG
891,0.1207,G-D-TQ
892,0.14622,RNS-SG
893,0.17054,QEIEVS
894,0.21184,RETEQH
895,0.30314,ATSKAA
896,0.2823,TKNSSS
897,0.47176,DEEEEE
898,0.36316,TSGGSS
899,0.27934,FFLWCY
900,0.36906,M-LLLL
901,0.31067,T-YFFF
902,0.31449,Q-KRRR
903,0.47284,F-FFFF
904,0.50175,FLFFFF
905,0.40188,HKSKKK
906,0.28088,FTSKNN
907,0.25686,QFVISY
908,0.42406,VYYYYF
909,0.38671,AFVASA
910,0.57987,PKPPPP
911,0.50289,FMFFLL
912,0.61076,LLLILL
913,0.44887,MTMLLL
914,0.40365,HQKKKK
915,0.32814,R-KDDD
916,0.28326,M-IWWW
917,0.25173,T-VVML
918,0.5056,RKRRRR
919,0.30549,IRAPPP
920,0.40073,ILSLII
921,0.45,TIVVVV
922,0.38786,GIMVIV
923,0.4666,IIVAAA
924,0.59604,IIIVIV
925,0.70885,FFFFFF
926,0.4274,ISFVVV
927,0.57582,AAAGGG
928,0.41165,SWWMVV
929,0.53004,FFLLLL
930,0.39213,IFCSSS
931,0.52735,TTFFFF
932,0.54662,TSSSSS
933,0.41354,VLIIIV
934,0.43309,IVAAAA
935,0.34436,LFIVVV
936,0.33707,SLAVLV
937,0.38896,SPPNNN
938,0.43276,KERKKK
939,0.5562,IIIVVV
940,0.43978,SQDEDD
941,0.54064,VFIIII
942,0.81698,GGGGGG
943,0.65924,FLLLLL
944,0.7434,DDDEDD
945,0.84886,QQQQQQ
946,0.56587,STETSS
947,0.66154,MLLLLL
948,0.60891,AAASSS
949,0.49649,FVMMMM
950,0.63743,TPPPPP
951,0.47921,EQQDDN
952,0.61425,KDDDDD
953,0.73999,SSSSSS
954,0.59777,YYFYYY
955,0.44433,ILVVMV
956,0.46077,SVLLVI
957,0.40658,TDHNDD
958,0.52948,HYYYYY
959,0.69235,FFFFFF
960,0.37952,RKQGKK
961,0.37858,YDSNSS
962,0.47627,LVLLIL
963,0.26928,DYNSSA
964,0.33602,KSEKQQ
965,0.3972,FFNYYY
966,0.53321,FLLLLL
967,0.49182,DNNHHH
968,0.47992,VVITAS
969,0.85546,GGGGGG
970,0.85546,PPPPPP
971,0.88433,PPPPPP
972,0.92175,VVVVVV
973,0.74999,FYYYYY
974,0.7294,FMFFFF
975,0.64056,TVVVVV
976,0.55827,VVLVLL
977,0.44824,DKKEEE
978,0.39516,GNGDEE
979,0.33723,E-DGGG
980,0.44342,LLLHHY
981,0.43612,DDADDN
982,0.38332,WLYYYY
983,0.32711,HTTKTS
984,0.22236,RKNTSS
985,0.31361,PRSFSR
986,0.28421,DQSEKK
987,0.33527,VNDGGG
988,0.67455,QQQQQQ
989,0.6267,NQNNNN
990,0.47075,KKLAMM
991,0.54477,FIVVVV
992,0.70581,CCCCCC
993,0.42158,TGAGGG
994,0.43779,FKGGGG
995,0.35303,PFQVMM
996,0.29841,-T----
997,0.44757,GTYGGG
998,0.67703,CCCCCC
999,0.45318,SENNND
1000,0.53582,DRDNNN
1001,0.61465,TDDDDD
1002,0.7072,SSSSSS
1003,0.48571,FLVLLL
1004,0.40792,GALVVV
1005,0.4459,NNTQQQ
1006,0.37818,IVQQQQ
1007,0.39183,MLIIII
1008,0.30434,NEYYFF
1009,0.22293,YQLTNN
1010,0.41124,A-AAAA
1011,0.22517,V-SSAA
1012,0.16069,G-RLQE
1013,0.2971,HEHMLL
1014,0.2836,TRSSDD
1015,0.32292,EHNNNT
1016,0.4186,QRQYYY
1017,0.54552,TSTTTT
1018,0.40621,YTYRRR
1019,0.43222,LIIIIV
1020,0.3233,STASGG
1021,0.23865,GERNFF
1022,0.31286,EPPVAA
1023,0.3496,MLAPPP
1024,0.4608,YASSSS
1025,0.60729,NNSSSS
1026,0.80153,WWWWWW
1027,0.72039,ILILII
1028,0.88287,DDDDDD
1029,0.72772,NDDDDD
1030,0.84617,YYYYYY
1031,0.67184,LFFFFF
1032,0.51647,EMDDDD
1033,0.62179,WFWWWW
1034,0.37218,ILAVVV
1035,0.3829,SNAKKS
1036,0.43178,RPAPPP
1037,0.39344,KQAQQQ
1038,0.57993,SNSSSS
1039,0.39073,-D----
1040,0.46452,PQSTSS
1041,0.76257,CCCCCC
1042,0.71741,CCCCCC
1043,0.5562,KRKRRR
1044,0.47336,VLYYVL
1045,0.32501,Y-----
1046,0.25134,VKRYDY
1047,0.33022,HKKNNN
1048,0.23448,DGDSIV
1049,0.37332,PTSTTT
1050,0.37202,NDGGDH
1051,0.31415,TEDAQQ
1052,0.57274,FVFFFF
1053,0.66252,CCCCCC
1054,0.40239,SPPNNN
1055,0.34992,TPHAAA
1056,0.28176,N-----
1057,0.21457,R-----
1058,0.21205,N-----
1059,0.2083,K-----
1060,0.20284,S-----
1061,0.31686,AS-SSS
1062,0.25824,LF-VVV
1063,0.23428,DPQVVM
1064,0.55455,DSDDDD
1065,0.34959,KRTKPP
1066,0.37804,ARSSAT
1067,0.74883,CCCCCC
1068,0.39532,RELVVV
1069,0.47833,TTRHRR
1070,0.6915,CCCCCC
1071,0.3125,MFNRRR
1072,0.30905,DQIPPP
1073,0.22667,FQ-MLL
1074,0.20426,DG----
1075,0.19966,YS----
1076,0.19506,VW----
1077,0.19713,A-----
1078,0.19598,N-----
1079,0.19483,S-----
1080,0.21403,Y-----
1081,0.22004,P-----
1082,0.22575,K-----
1083,0.34678,SNTTTT
1084,0.27963,SYKSPP
1085,0.28282,INNSEE
1086,0.39571,MMSGGG
1087,0.36922,YSLKKK
1088,0.36894,HGLQQQ
1089,0.5864,RFRRRR
1090,0.68792,PPPPPP
1091,0.39279,SEENQQ
1092,0.52868,IGEGGG
1093,0.45515,EKKTGK
1094,0.42578,VDEEDE
1095,0.68817,FFFFFF
1096,0.50092,YMVMMM
1097,0.4429,REKHRK
1098,0.47795,HYYFFF
1099,0.71044,LLLLLL
1100,0.50103,RSPPPP
1101,0.42003,HIFMMM
1102,0.64057,FWFFFF
1103,0.59373,LILLLL
1104,0.43778,ENKSSS
1105,0.60538,D-DDDD
1106,0.49755,TANNNN
1107,0.69118,PPPPPP
1108,0.54306,NSDNNN
1109,0.41698,SDDIPP
1110,0.41139,EPTKKK
1111,0.70235,CCCCCC
1112,0.43154,VPAGGG
1113,0.5396,FLKKKK
1114,0.72642,GGAGGG
1115,0.78954,GGGGGG
1116,0.66317,RRHHHH
1117,0.82051,AAAAAA
1118,0.54488,SPAAAA
1119,0.63859,FYYYYY
1120,0.51259,KSGGSG
1121,0.3741,DTGTSS
1122,0.67662,AAAAAA
1123,0.3954,ILVVVV
1124,0.23341,SVRDNN
1125,0.28501,FYYLII
1126,0.14748,TNS-L-
1127,0.09389,S-NKLV
1128,0.154,--SDGG
1129,0.17352,--HNHD
1130,0.16459,--E---
1131,0.24717,RERNGD
1132,0.34852,GTLTTT
1133,0.30515,RSNDRY
1134,0.53619,IVIVVI
1135,0.39988,QSEGGG
1136,0.75965,AAAAAA
1137,0.65709,SSSTTT
1138,0.56591,QVYYYY
1139,0.81586,FFFFFF
1140,0.70569,MRMMMM
1141,0.60679,TTASTT
1142,0.55238,FAYYYY
1143,0.78658,HHHHHH
1144,0.50722,KHTTTT
1145,0.4164,KPIIVI
1146,0.70025,LLLLLL
1147,0.31479,S-----
1148,0.3396,I-----
1149,0.39013,SRKKQK
1150,0.43888,NSSNTT
1151,0.61538,SQSSSS
1152,0.51366,SKASAA
1153,0.74179,DDDDDD
1154,0.65101,FFYFFY
1155,0.58138,IIFIIT
1156,0.3866,KQLNDD
1157,0.67923,AAAAAA
1158,0.45153,MYLMLM
1159,0.38731,DSEKKK
1160,0.33447,TDSMKK
1161,0.5465,AGAAAA
1162,0.55271,RVRRRR
1163,0.29931,MRKELL
1164,0.47343,VIILII
1165,0.4515,SSSTAA
1166,0.321,RSADSS
1167,0.39468,RSNNNN
1168,0.30985,LFIIVI
1169,0.31228,E-TTTT
1170,0.23073,R-QQEE
1171,0.2071,S-MTTT
1172,0.1889,I-LLMM
1173,0.13561,--QSGR
1174,0.13043,--GTIS
1175,0.12455,--RHNK
1176,0.12802,--L---
1177,0.12975,--M---
1178,0.13148,--S---
1179,0.13321,--N---
1180,0.13321,--G---
1181,0.13321,--V---
1182,0.13321,--P---
1183,0.14023,--M---
1184,0.1393,--A---
1185,0.14599,--S---
1186,0.19073,D-ADGG
1187,0.15006,DPLKSS
1188,0.23831,TETSAD
1189,0.32533,ALVYYY
1190,0.30552,HDEKRR
1191,0.63432,VMVVVV
1192,0.81003,FFFFFF
1193,0.66491,AAPPPP
1194,0.87084,YYYYYY
1195,0.86477,SSSSSS
1196,0.58374,KPVVVV
1197,0.70962,IFFFFF
1198,0.68759,FYYYYY
1199,0.57185,PIVVVV
1200,0.85288,FFFFFF
1201,0.77082,YFYYYY
1202,0.75208,EVEEEE
1203,0.90908,QQQQQQ
1204,0.86693,YYYYYY
1205,0.58161,SQLLLL
1206,0.78991,TTTTTT
1207,0.53236,ILMIII
1208,0.34918,MGWVII
1209,0.46072,PPSDDD
1210,0.39299,ILDDDD
1211,0.46625,LTTTTT
1212,0.33039,TLLAII
1213,0.27755,TKQLFF
1214,0.32928,QLSNNN
1215,0.41277,LIMLLL
1216,0.42534,FGGGGS
1217,0.39726,ISIVVV
1218,0.40174,TASSSS
1219,0.41023,VIVLLL
1220,0.32653,VILSGG
1221,0.34879,GLSAAS
1222,0.54129,VIIIII
1223,0.68289,FFFFFF
1224,0.31007,GFVILL
1225,0.57866,IIVVVV
1226,0.47402,ISTTTT
1227,0.28528,CSFAML
1228,0.73735,VVVVVV
1229,0.40547,TFLLLV
1230,0.5914,LLMLLL
1231,0.62344,GQGGGG
1232,0.33574,I-FFCC
1233,0.46256,DNDEEE
1234,0.46252,VIVLLL
1235,0.34876,KRHWWW
1236,0.52485,GSSSSS
1237,0.53968,ASAAAA
1238,0.33689,AFLVVV
1239,0.34289,CLVLII
1240,0.32408,ALVVMM
1241,0.37674,VAVCCC
1242,0.36619,ILIFAI
1243,0.42931,CVTTTT
1244,0.45061,QVIIII
1245,0.41564,VTTAAA
1246,0.53848,SMMMMM
1247,0.46822,NIIIVI
1248,0.36492,YIVLLL
1249,0.45988,FVVIVV
1250,0.4396,HDNNNN
1251,0.42542,IILMMM
1252,0.47311,VGGFFF
1253,0.56242,AAGGGG
1254,0.46879,FLLVVV
1255,0.7244,MMMMMM
1256,0.48984,YAYWWW
1257,0.52771,ILYLLL
1258,0.55037,FLWWWW
1259,0.52791,NGNSGG
1260,0.80442,IIIIII
1261,0.71075,PSSSSS
1262,0.72949,VLLLLL
1263,0.91569,NNNNNN
1264,0.88759,AAAAAA
1265,0.74711,LVVVVV
1266,0.91569,SSSSSS
1267,0.77521,ALLLLL
1268,0.75317,TVVVVV
1269,0.89972,NNNNNN
1270,0.85758,LLLLLL
1271,0.72461,VIVVVV
1272,0.75271,MIMMMM
1273,0.63012,SCASSS
1274,0.53947,SVVCCC
1275,0.78793,GGGGGG
1276,0.6998,ILIIII
1277,0.61791,LGSSSS
1278,0.73443,IVVVVV
1279,0.84274,EEEEEE
1280,0.83668,FFFFFF
1281,0.69622,SCCCCC
1282,0.65551,VVSSSS
1283,0.62908,NHHHHH
1284,0.4846,VILIII
1285,0.47652,LVVVTT
1286,0.47106,KRHRRR
1287,0.40739,GSSAAA
1288,0.54621,YFFFFF
1289,0.43399,ATASTT
1290,0.30337,CVTIVM
1291,0.52745,SVSSSS
1292,0.25605,LPKTMT
1293,0.35447,RSSRKK
1294,0.25957,QEVSGG
1295,0.341,RTSSSS
1296,0.2626,AKQRRR
1297,0.31323,KKIVVV
1298,0.21599,-D----
1299,0.26283,-A----
1300,0.30338,-N----
1301,0.42513,DSDEES
1302,0.6798,RRRRRR
1303,0.59093,AVAAAA
1304,0.53448,ELAEEE
1305,0.41866,SYDEEE
1306,0.41451,TSSAAA
1307,0.5184,VLLLLL
1308,0.38808,GNSAAA
1309,0.40383,STKHHH
1310,0.57872,IIMMMM
1311,0.73552,GGGGGG
1312,0.51707,PESSSS
1313,0.65134,ISSSSS
1314,0.66315,IVIVVV
1315,0.56171,LIFFFF
1316,0.70449,SKSSSS
1317,0.81465,GGGGGG
1318,0.70633,PIIIII
1319,0.72508,VTTTTT
1320,0.71901,VLLLLL
1321,0.81735,TTTTTT
1322,0.67687,MKKKKK
1323,0.65813,AFFFFF
1324,0.55255,GIAGGG
1325,0.57918,SGGGGG
1326,0.51357,TVIIII
1327,0.43054,MCLLVV
1328,0.52831,FVVIVV
1329,0.75668,LLLLLL
1330,0.6162,SAAAAA
1331,0.57404,GFFLFF
1332,0.725,AAASAA
1333,0.5794,HQKKKK
1334,0.67311,LSSSSS
1335,0.68763,QKQQQQ
1336,0.78554,IIIIII
1337,0.6638,IFFFFF
1338,0.50728,TDQQQE
1339,0.67645,VVVIII
1340,0.65773,YFFFFF
1341,0.65773,FYYYYY
1342,0.81078,FFFFFF
1343,0.67824,KRRRRR
1344,0.64374,LMMMMM
1345,0.51468,FWYYYY
1346,0.60654,LFLLLL
1347,0.3839,ITGAAA
1348,0.34514,TLIIMM
1349,0.50149,IIVVVV
1350,0.44464,VIVLLL
1351,0.37058,SVILLL
1352,0.51279,SAGGGG
1353,0.74698,AAAAAA
1354,0.47771,VLAATT
1355,0.83549,HHHHHH
1356,0.69337,AAGGGG
1357,0.85423,LLLLLL
1358,0.80752,ILIIII
1359,0.73035,IFFFFF
1360,0.90301,LLLLLL
1361,0.90301,PPPPPP
1362,0.66275,IAVVVV
1363,0.87821,LLLLLL
1364,0.81783,LLLLLL
1365,0.67735,ASSSSS
1366,0.56788,FLYYYY
1367,0.43762,GFIAII
1368,0.69265,GGGGGG
1369,0.3452,SGAPPP
1370,0.32945,REPSSS
1371,0.42174,GSVVVV
1372,0.28039,HYSNNN
1373,0.27168,GRNKKK
1374,0.33284,SDAAAA
1375,0.22827,SDRKKK
1376,0.20009,ESLVSR
1377,0.14694,TIRLCH
1378,0.17299,SEYAAT
1379,0.29631,TAHATT
1380,0.17787,NESHEY
1381,0.24821,DDQNEE
1382,0.21519,N-ARRR
1383,0.18003,D--FYY
1384,0.16173,E--VKR
1385,0.19064,Q-AGGG
1386,0.18563,H-----
1387,0.18783,D-----
1388,0.19452,A-----
1389,0.19368,C-----
1390,0.19452,V-----
1391,0.20824,L-----
1392,0.20908,S-----
1393,0.24729,P-ATTT
1394,0.31258,T-EEEE
1395,0.24812,A-HRRR
1396,0.4141,E-EEEE
1397,0.24729,S-TRRR
1398,0.22938,H-----
1399,0.22938,I-----
1400,0.198,S-----
1401,0.18935,N-----
1402,0.2016,V-ALLL
1403,0.21841,E-LILL
1404,0.17416,E-AYNN
1405,0.25357,G-G---
1406,0.25108,I-I-FF
1407,0.25009,L-L---
1408,0.21756,N-----
1409,0.20949,R-----
1410,0.20175,P-----
1411,0.19368,S-----
1412,0.19368,L-----
1413,0.19368,L-----
1414,0.19368,D-----
1415,0.19368,A-----
1416,0.19368,S-----
1417,0.19368,H-----
1418,0.19368,I-----
1419,0.19368,L-----
1420,0.19368,D-----
1421,0.19368,P-----
1422,0.19368,L-----
1423,0.19368,L-----
1424,0.19368,K-----
1425,0.19368,A-----
1426,0.19368,E-----
1427,0.19368,G-----
1428,0.19368,G-----
1429,0.19368,I-----
1430,0.19368,D-----
1431,0.19368,K-----
1432,0.19368,A-----
1433,0.19368,I-----
1434,0.19368,D-----
1435,0.19368,I-----
1436,0.19368,I-----
1437,0.19368,T-----
1438,0.19368,I-----
1439,0.19368,D-----
1440,0.19368,R-----
1441,0.19368,S-----
1442,0.19368,Y-----
1443,0.19368,P-----
1444,0.19368,S-----
1445,0.19368,T-----
1446,0.19368,P-----
1447,0.19368,S-----
1448,0.19368,S-----
1449,0.19368,L-----
1450,0.19368,P-----
1451,0.19368,C-----
1452,0.19368,T-----
1453,0.19368,S-----
1454,0.19368,R-----
1455,0.19368,M-----
1456,0.19368,P-----
1457,0.19368,R-----
1458,0.19368,A-----
1459,0.19368,H-----
1460,0.19368,I-----
1461,0.19368,E-----
1462,0.19368,P-----
1463,0.19368,D-----
1464,0.19368,L-----
1465,0.19368,R-----
1466,0.19368,S-----
1467,0.19368,L-----
