0,0.34765,M--
1,0.80219,SMM
2,0.70079,LLF
3,0.6967,HLL
4,0.70184,LAA
5,0.70778,LVV
6,0.75233,LLL
7,0.76773,FYY
8,0.79467,FCC
9,0.7449,FLL
10,0.7829,LLL
11,0.82035,QWW
12,0.73053,LSS
13,0.81717,FFF
14,0.76412,SQQ
15,0.69603,STI
16,0.78918,SSS
17,0.68439,LAD
18,0.75322,QGG
19,0.81572,QHH
20,0.81508,FFF
21,0.84384,PPP
22,0.82603,RRR
23,0.75409,VAA
24,0.84345,CCC
25,0.70264,TVA
26,0.7891,SSS
27,0.76312,PSS
28,0.73664,EKK
29,0.74189,VNN
30,0.75326,LLL
31,0.72067,QML
32,0.70285,SEA
33,0.81073,KKK
34,0.7774,REE
35,0.85434,CCC
36,0.88178,CCC
37,0.85199,PPP
38,0.80235,VPP
39,0.88191,WWW
40,0.76984,PSM
41,0.79531,GGG
42,0.82112,DDD
43,0.75755,GRG
44,0.8182,SSS
45,0.77694,VPP
46,0.83901,CCC
47,0.79616,GGG
48,0.78061,VQQ
49,0.77177,QLL
50,0.81029,SSS
51,0.78774,GGG
52,0.82755,RRR
53,0.81539,GGG
54,0.79547,FSS
55,0.8674,CCC
56,0.84995,QQQ
57,0.78949,DND
58,0.81996,III
59,0.77605,LLL
60,0.7093,VLL
61,0.79094,SSS
62,0.7082,DNS
63,0.70072,LAA
64,0.80786,PPP
65,0.71227,NLS
66,0.78849,GGG
67,0.84057,PPP
68,0.84489,QQQ
69,0.80754,YFF
70,0.83767,PPP
71,0.80956,HFF
72,0.73732,STK
73,0.79929,GGG
74,0.8065,VVV
75,0.82529,DDD
76,0.83295,DDD
77,0.84703,RRR
78,0.84502,EEE
79,0.79252,RSS
80,0.87424,WWW
81,0.84388,PPP
82,0.77227,LSS
83,0.83419,VVV
84,0.84523,FFF
85,0.8529,YYY
86,0.8651,NNN
87,0.83436,QRR
88,0.86311,TTT
89,0.87822,CCC
90,0.86025,QQQ
91,0.87852,CCC
92,0.78587,ASS
93,0.82086,GGG
94,0.84836,NNN
95,0.81218,YFF
96,0.86779,MMM
97,0.82472,GGG
98,0.85072,FFF
99,0.80879,DNN
100,0.86849,CCC
101,0.8191,GGG
102,0.80891,ENN
103,0.87411,CCC
104,0.83838,KKK
105,0.84281,FFF
106,0.81163,GGG
107,0.82957,FFF
108,0.76635,FWG
109,0.80324,GGG
110,0.77427,APP
111,0.83023,NNN
112,0.85153,CCC
113,0.77102,ATT
114,0.81023,EEE
115,0.75922,RRK
116,0.78326,RRR
117,0.68368,ELV
118,0.72332,SLL
119,0.74589,VVI
120,0.80469,RRR
121,0.82826,RRR
122,0.84648,NNN
123,0.83284,III
124,0.84762,FFF
125,0.79162,QDD
126,0.76993,LLL
127,0.79688,SSS
128,0.6915,TAV
129,0.71198,TPS
130,0.7792,EEE
131,0.74524,RKK
132,0.74446,QDN
133,0.76092,RKK
134,0.81592,FFF
135,0.7703,IFF
136,0.75632,SAS
137,0.83399,YYY
138,0.77821,LLL
139,0.78273,NTT
140,0.79338,LLL
141,0.80011,AAA
142,0.82321,KKK
143,0.8135,THH
144,0.82851,TTT
145,0.81679,III
146,0.82354,SSS
147,0.78684,PSS
148,0.77538,DDV
149,0.83545,YYY
150,0.77539,MVV
151,0.804,III
152,0.77712,VPP
153,0.77515,TIT
154,0.78791,GGG
155,0.81624,TTT
156,0.85085,YYY
157,0.75926,AGG
158,0.86104,QQQ
159,0.86716,MMM
160,0.80215,NKN
161,0.85965,NNN
162,0.82175,GGG
163,0.84136,SSS
164,0.85281,TTT
165,0.85247,PPP
166,0.87066,MMM
167,0.84953,FFF
168,0.78873,ANN
169,0.78867,NDD
170,0.8109,III
171,0.7822,SNN
172,0.76127,VII
173,0.84642,YYY
174,0.82746,DDD
175,0.81004,LLL
176,0.86764,FFF
177,0.84504,VVV
178,0.90564,WWW
179,0.90362,MMM
180,0.8976,HHH
181,0.89016,YYY
182,0.87825,YYY
183,0.83825,VVV
184,0.83174,SSS
185,0.80844,RMR
186,0.81797,DDD
187,0.7561,AAT
188,0.77968,LLL
189,0.77563,LLL
190,0.73637,GGG
191,0.74071,GGG
192,0.72129,PSS
193,0.54528,G--
194,0.73142,NEE
195,0.71526,VII
196,0.82125,WWW
197,0.77252,ARR
198,0.83645,DDD
199,0.83523,III
200,0.84139,DDD
201,0.85852,FFF
202,0.81654,AAA
203,0.85744,HHH
204,0.80941,EEE
205,0.75233,SAA
206,0.76509,APP
207,0.73517,AAG
208,0.82642,FFF
209,0.80442,LLL
210,0.85527,PPP
211,0.88592,WWW
212,0.86696,HHH
213,0.84095,RRR
214,0.75216,VLL
215,0.78418,YFF
216,0.77594,LLL
217,0.77451,LLL
218,0.73233,FRL
219,0.865,WWW
220,0.82353,EEE
221,0.82475,HQQ
222,0.83331,EEE
223,0.8162,III
224,0.79877,RQR
225,0.7754,KKE
226,0.79036,LLL
227,0.81395,TTT
228,0.79827,GGG
229,0.83483,DDD
230,0.80033,FEE
231,0.84011,NNN
232,0.84406,FFF
233,0.83741,TTT
234,0.79843,IIV
235,0.86252,PPP
236,0.87796,YYY
237,0.90142,WWW
238,0.87294,DDD
239,0.90692,WWW
240,0.85766,RRR
241,0.83463,DDD
242,0.81833,AAA
243,0.79325,QEE
244,0.74389,DKN
245,0.84812,CCC
246,0.79584,QDD
247,0.77086,VII
248,0.87152,CCC
249,0.82562,TTT
250,0.82703,DDD
251,0.82762,EEE
252,0.76494,LYY
253,0.77343,MML
254,0.77779,GGG
255,0.72004,AGG
256,0.75937,RQR
257,0.77366,SHH
258,0.75621,SPP
259,0.69915,LTE
260,0.81128,NNN
261,0.75781,RPP
262,0.76079,SNN
263,0.78643,LLL
264,0.73035,ILL
265,0.80343,SSS
266,0.81601,PPP
267,0.75236,SAA
268,0.82301,SSS
269,0.78325,VFF
270,0.84295,FFF
271,0.83637,SSS
272,0.82566,SSS
273,0.86956,WWW
274,0.80551,KQQ
275,0.7739,VII
276,0.77176,IVI
277,0.83078,CCC
278,0.80094,SSS
279,0.78175,QRR
280,0.73076,PLS
281,0.81432,EEE
282,0.75809,SEE
283,0.8276,YYY
284,0.83328,NNN
285,0.73529,LSS
286,0.79011,RHH
287,0.77891,EQQ
288,0.69541,ASV
289,0.77613,LLL
290,0.83069,CCC
291,0.77793,DND
292,0.80426,GGG
293,0.78434,STT
294,0.83587,PPP
295,0.82126,EEE
296,0.79339,GGG
297,0.83717,PPP
298,0.79656,LLL
299,0.76502,LRL
300,0.83301,RRR
301,0.8344,NNN
302,0.84437,PPP
303,0.82361,GGG
304,0.809,DNN
305,0.84572,HHH
306,0.80899,DDD
307,0.76036,RKK
308,0.71231,ISA
309,0.76533,RRK
310,0.74494,VTT
311,0.81814,PPP
312,0.82094,RRR
313,0.79431,LLL
314,0.84184,PPP
315,0.78417,TSS
316,0.822,SSS
317,0.81158,AAA
318,0.82411,DDD
319,0.81092,VVV
320,0.81654,EEE
321,0.77963,SFF
322,0.7835,VCC
323,0.78183,LLL
324,0.76546,RSS
325,0.7891,LLL
326,0.82341,TTT
327,0.79747,DQQ
328,0.84425,YYY
329,0.82061,EEE
330,0.78533,TSS
331,0.81227,GGG
332,0.79314,QSS
333,0.83779,MMM
334,0.8149,DDD
335,0.7815,RKR
336,0.72764,RAT
337,0.78878,AAA
338,0.82247,NNN
339,0.76414,LFF
340,0.83431,SSS
341,0.84074,FFF
342,0.82565,RRR
343,0.84507,NNN
344,0.77302,ATT
345,0.79822,LLL
346,0.82009,EEE
347,0.79073,GGG
348,0.8372,FFF
349,0.79996,AAA
350,0.78414,NSS
351,0.83094,PPP
352,0.73486,ELL
353,0.80437,TTT
354,0.77848,GGG
355,0.71545,LII
356,0.76542,AAA
357,0.73058,VDD
358,0.70159,TAP
359,0.72381,GSS
360,0.77222,RQQ
361,0.80686,SSS
362,0.76421,LSS
363,0.86021,MMM
364,0.85756,HHH
365,0.84758,NNN
366,0.77563,SAA
367,0.79645,LLL
368,0.85622,HHH
369,0.76956,VII
370,0.81566,FYF
371,0.86194,MMM
372,0.84443,NNN
373,0.81903,GGG
374,0.79598,STT
375,0.86208,MMM
376,0.82925,SSS
377,0.80549,SQQ
378,0.82652,VVV
379,0.85093,QQQ
380,0.81113,GGG
381,0.83673,SSS
382,0.82612,AAA
383,0.85311,NNN
384,0.84945,DDD
385,0.84427,PPP
386,0.8167,III
387,0.83622,FFF
388,0.7602,ILL
389,0.75414,ILL
390,0.85828,HHH
391,0.84459,HHH
392,0.81057,AAA
393,0.85345,FFF
394,0.77784,IVV
395,0.83499,DDD
396,0.83194,SSS
397,0.83133,III
398,0.86774,FFF
399,0.8476,EEE
400,0.87251,QQQ
401,0.8972,WWW
402,0.82843,LLL
403,0.85774,RRR
404,0.85596,RRR
405,0.86157,HHH
406,0.7972,QRR
407,0.82319,PPP
408,0.74561,PLL
409,0.72232,RQL
410,0.76513,TEE
411,0.76613,HVV
412,0.82686,YYY
413,0.83666,PPP
414,0.7858,TEE
415,0.82029,AAA
416,0.84728,NNN
417,0.80824,AAA
418,0.85342,PPP
419,0.84271,III
420,0.81568,GGG
421,0.85344,HHH
422,0.82849,NNN
423,0.77616,DRR
424,0.72994,GED
425,0.78447,YSS
426,0.79707,FYY
427,0.8549,MMM
428,0.82735,VVV
429,0.86117,PPP
430,0.85777,FFF
431,0.83942,III
432,0.86018,PPP
433,0.81956,LLL
434,0.86284,YYY
435,0.84821,RRR
436,0.85158,NNN
437,0.82348,GGG
438,0.8318,DDD
439,0.80058,YFF
440,0.81817,FFF
441,0.74507,LII
442,0.75769,SST
443,0.75429,TSS
444,0.7917,KKK
445,0.75722,ADD
446,0.78045,LLL
447,0.80025,GGG
448,0.8319,YYY
449,0.78437,EDD
450,0.84647,YYY
451,0.777,ASS
452,0.84299,YYY
453,0.79408,LLL
454,0.8289,QQQ
455,0.77639,DDE
456,0.7582,PSS
457,0.73908,GDD
458,0.75872,QPP
459,0.69303,RDG
460,0.74056,FSF
461,0.71405,VFY
462,0.75154,QQR
463,0.70364,EDN
464,0.75607,FYY
465,0.72389,LII
466,0.70892,TKE
467,0.76976,PSP
468,0.83025,YYY
469,0.78998,LLL
470,0.82638,EEE
471,0.85154,QQQ
472,0.80713,AAA
473,0.81021,QSS
474,0.80525,QRR
475,0.82834,III
476,0.87502,WWW
477,0.76456,QSP
478,0.85576,WWW
479,0.78048,LLL
480,0.71009,VLL
481,0.7082,AGG
482,0.74013,AAA
483,0.68677,GAA
484,0.6923,IML
485,0.69928,LVV
486,0.73244,GGG
487,0.73966,AAA
488,0.69278,AVV
489,0.64247,VLI
490,0.68544,ATA
491,0.6608,GAA
492,0.62295,ILA
493,0.67073,ILL
494,0.67744,AAS
495,0.67645,SGG
496,0.66504,VLL
497,0.65836,FVS
498,0.70022,ASS
499,0.65611,VLR
500,0.68661,ALL
501,0.80826,CCC
502,0.71795,RRL
503,0.72511,RHQ
504,0.72759,QKK
505,0.64654,TRK
506,0.5967,R-K
507,0.59612,R-K
508,0.58353,R-K
509,0.72607,KKK
510,0.69704,LQQ
511,0.67743,SLP
512,0.74556,YPQ
513,0.73207,GEE
514,0.80053,EEE
515,0.7784,RKR
516,0.83894,QQQ
517,0.84092,PPP
518,0.78449,LLL
519,0.78304,LLL
520,0.79433,NMM
521,0.70928,SED
522,0.74533,SKK
523,0.74804,EED
524,0.74845,EDD
525,0.76339,EYY
526,0.73635,GHH
527,0.77746,SSS
528,0.71315,ALL
529,0.63429,S-L
530,0.81299,YYY
531,0.80771,QQQ
532,0.7373,TSS
533,0.8057,THH
534,0.77331,LLL
