0,3.17725,MM-
1,2.5418,AA-
2,-1.39925,AGM
3,-1.29725,GRE
4,2.28084,LLI
5,1.7858,AAV
6,-0.60699,RGN
7,1.75937,LFF
8,-0.17902,LLK
9,1.75604,LMV
10,1.2499,LLC
11,2.38974,LLL
12,-0.26853,GGF
13,1.1208,LLY
14,-0.73813,SAL
15,0.63967,AST
16,-0.95837,GQA
17,-0.96503,GGL
18,1.19078,PPV
19,2.44615,AAA
20,1.26066,PPV
21,1.48551,AAT
22,-1.26187,GCS
23,2.01236,AAG
24,2.79692,AGG
25,4.16257,KKK
26,4.21881,MMM
27,4.53431,KKK
28,4.06841,VVI
29,4.52529,VVV
30,5.02529,EEE
31,4.75503,EEE
32,5.81307,PPP
33,5.56307,NNN
34,3.54962,ATT
35,5.40092,FFF
36,5.31758,GGG
37,3.7568,VLL
38,5.40626,NNN
39,5.06547,NNN
40,5.10113,PPP
41,3.18869,FFL
42,2.82716,LLV
43,2.45944,PPS
44,3.78112,QQQ
45,2.3852,AAT
46,3.8035,SSS
47,4.16164,RRR
48,3.74497,LLL
49,4.37256,QQQ
50,2.32352,APA
51,4.23326,KKK
52,-0.57203,RRV
53,2.15216,DES
54,5.0368,PPP
55,3.7368,SSS
56,3.01443,PAP
57,4.48009,VVV
58,4.2761,SSS
59,5.4761,GGG
60,6.1,PPP
61,-1.44089,VLP
62,6.31245,HHH
63,4.51245,LLL
64,2.86765,FFH
65,4.59822,RRR
66,3.93155,LLL
67,3.53744,SAA
68,5.58784,GGG
69,4.91372,KKK
70,6.29017,CCC
71,5.14429,FFF
72,3.35699,SSN
73,2.51911,LLY
74,3.34662,VVI
75,4.13683,EEE
76,3.10699,SSA
77,4.9345,TTT
78,5.50291,YYY
79,4.75291,KKK
80,6.17704,YYY
81,3.4789,EEV
82,5.84371,FFF
83,7.34371,CCC
84,6.42704,PPP
85,6.33333,FFF
86,7.08333,HHH
87,5.91667,NNN
88,5.16667,VVV
89,5.5,TTT
90,5.25,QQQ
91,6.1845,HHH
92,5.10117,EEE
93,5.10117,QQQ
94,4.44033,TTS
95,5.85117,FFF
96,5.35117,RRR
97,8.01783,WWW
98,6.08333,NNN
99,5.25,AAA
100,6.41667,YYY
101,4.58333,SSS
102,5.41667,GGG
103,4.58333,III
104,4.91667,LLL
105,6.08333,GGG
106,5.16667,III
107,8.66667,WWW
108,7.5,HHH
109,6.08333,EEE
110,8.8,WWW
111,5.9,EEE
112,5.3,III
113,-1.70275,AIE
114,5.6,NNN
115,5.20708,NNN
116,5.00708,TTT
117,5.42256,FFF
118,3.78538,TKT
119,5.7559,GGG
120,5.01179,MMM
121,7.27963,WWW
122,5.1904,MMM
123,3.55322,RTR
124,4.20073,DDE
125,5.19491,GGG
126,5.13389,DDD
127,3.63951,ASS
128,6.38751,CCC
129,-1.39301,RHG
130,3.04276,SSN
131,3.73734,RRK
132,2.62839,SSN
133,4.0535,RRR
134,4.22762,QQQ
135,3.04629,SST
136,4.49105,KKK
137,3.59105,VVV
138,-0.57203,EEL
139,4.4,LLL
140,2.45175,ATV
141,5.65882,CCC
142,4.42548,GGG
143,2.46697,KKS
144,2.1975,SIS
145,2.8003,NNS
146,2.5503,RRK
147,3.21114,LLL
148,3.53858,AAA
149,2.51002,HHG
150,4.08625,VVV
151,3.85408,SSS
152,4.35408,EEE
153,5.85117,PPP
154,3.44033,SSQ
155,5.26783,TTT
156,6.67704,CCC
157,4.34371,VVV
158,5.90921,YYY
159,3.87191,AAS
160,4.40921,LLL
161,4.90921,TTT
162,5.32587,FFF
163,5.08333,EEE
164,5.08333,TTT
165,6.25,PPP
166,5.16667,LLL
167,4.869,VVV
168,7.20233,CCC
169,6.37351,HHH
170,3.63516,PPS
171,6.37351,HHH
172,3.47939,ASS
173,4.20684,LLL
174,4.67118,LLL
175,4.13097,VVV
176,5.54312,YYY
177,5.27286,PPP
178,3.07181,TTV
179,3.81599,LLL
180,2.21469,PSS
181,3.81599,EEE
182,1.93391,AAK
183,3.13444,LLL
184,4.4047,QQQ
185,2.96517,RQK
186,3.01818,QRE
187,7.12941,WWW
188,4.69782,DDD
189,3.7151,QQE
190,3.94779,VVI
191,2.31399,EEA
192,3.60699,QQQ
193,2.4528,DDS
194,-0.17902,LLR
195,-0.17902,AAY
196,3.45962,DDE
197,4.52675,EEE
198,3.8642,LLL
199,3.97016,III
200,4.619,TTT
201,3.02706,PPE
202,4.30853,QQQ
203,4.80853,GGG
204,3.79056,HYY
205,3.07181,EEN
206,4.34874,KKK
207,3.71849,LLL
208,3.7428,LLL
209,3.75524,RRK
210,-1.04788,TVE
211,4.11245,LLL
212,4.91245,FFF
213,4.8214,EEE
214,4.04149,DDE
215,4.369,AAA
216,4.94487,GGG
217,4.11944,YYF
218,3.85524,LLL
219,3.41049,KKR
220,-1.04788,TVK
221,2.35082,PPA
222,-0.61949,EGQ
223,2.4346,EEQ
224,-0.35138,NTQ
225,1.59374,EH-
226,3.106,PP-
227,2.41367,TT-
228,1.91046,QQK
229,1.35533,LLA
230,1.35115,EAE
231,0.91689,GGE
232,1.33508,GGS
233,-1.6965,PSV
234,-1,DKT
235,1.61566,SGS
236,1.62566,LLV
237,1.70124,GGS
238,-1.39925,FLH
239,1.70857,EEP
240,2.25683,TTS
241,3.68913,LLL
242,3.0741,EDE
243,2.68418,NNQ
244,5.68913,CCC
245,2.19067,RRT
246,2.77867,KKQ
247,-0.17902,AAD
248,1.74056,HHF
249,-0.30974,KAE
250,1.66923,EEK
251,-0.17902,LLQ
252,2.01859,SSR
253,-0.39301,KQT
254,3.77675,EEE
255,3.25945,IVI
256,2.84383,KQE
257,4.0102,RRR
258,3.5102,LLL
259,-0.30974,KTQ
260,2.82775,GSS
261,3.80069,LLL
262,4.30069,LLL
263,-0.29725,TQK
264,4.6821,QQQ
265,5.6249,HHH
266,3.12585,GGN
267,3.73296,III
268,2.55075,PPS
269,2.81261,YHY
270,1.6204,TTE
271,-0.39301,RQA
272,1.69354,PPT
273,1.59733,TTA
274,2.13598,EED
275,1.30018,TTR
276,2.09473,STT
277,1.40811,NH-
278,-1.2709,LS-
279,2.86424,EQE
280,2.11695,HHD
281,-0.17902,LLR
282,3.85096,GGG
283,2.62468,HQY
284,-0.08951,EQT
285,-1.70275,TLE
286,3.64273,PPP
287,-1.95837,RIS
288,1.87937,-G-
289,2.00874,AAP
290,-0.54662,KIV
291,-0.04788,SAQ
292,-1.35138,PAD
293,3.42375,EEQ
294,3.15316,QHH
295,3.87923,LLL
296,4.04364,RRR
297,3.08059,GSG
298,4.58469,DDD
299,2.39421,PPG
300,4.18372,GGG
301,2.12773,LLF
302,-0.57203,RRI
303,2.23038,GGA
304,0.65487,SND
305,2.69026,LIL
306,-2.05537,#NAME?