0,3.15949,MM-
1,5,MMM
2,1.38116,ATA
3,2.92906,EED
4,2.75758,EEQ
5,2.87933,HHY
6,2.32111,TTN
7,1.92136,DDT
8,-0.89823,LLN
9,3.34587,EEE
10,1.59175,AAE
11,2.11293,QRK
12,3.47595,III
13,2.45313,VIL
14,3.58132,KKR
15,4.88582,DDD
16,-0.19849,IIS
17,6.09033,HHH
18,3.80126,CCT
19,5.00025,KKK
20,4.91688,EEE
21,4.10856,III
22,5.27502,DDD
23,4.44169,LLL
24,4.23346,VVI
25,5.60835,NNN
26,5.10835,RRR
27,5.34181,DDD
28,5.81679,PPP
29,4.98346,KKK
30,3.65076,NNQ
31,4.56679,III
32,5.09181,NNN
33,4.59181,EEE
34,5.27502,DDD
35,4.15013,IIV
36,4.44169,VVV
37,4.94169,KKK
38,4.44169,VVV
39,5.5,DDD
40,5.5,FFF
41,5,EEE
42,5.41667,DDD
43,4.5,VVV
44,4.58333,III
45,4.6,AAA
46,5,EEE
47,5.9,PPP
48,-0.92746,VED
49,5.45013,GGG
50,4.73028,TTT
51,4.03078,YYH
52,4.35856,SSS
53,3.27586,FFM
54,5.52523,DDD
55,5.65013,GGG
56,4.58354,VVV
57,7.68342,WWW
58,5.04851,KKK
59,3.38227,VVA
60,4.63185,SSS
61,4.374,YFY
62,4.63185,TTT
63,4.8651,TTT
64,5.28176,FFF
65,4.91667,TTT
66,4.66667,VVV
67,5.16667,SSS
68,5.83333,KKK
69,6.83333,YYY
70,8.58333,WWW
71,7.57506,CCC
72,6.6584,YYY
73,5.57506,RRR
74,3.49215,LLV
75,3.77523,LLL
76,3.29198,SSS
77,2.33417,TTA
78,2.61726,LLV
79,2.57569,LLF
80,4.40034,GGG
81,3.48367,VVI
82,5.20017,PPP
83,3.30873,LLV
84,4.60008,AAA
85,4.82506,LLL
86,4.74173,LLL
87,7.54177,WWW
88,5.62511,GGG
89,5.62511,FFF
90,3.75063,LLC
91,5.45844,FFF
92,4.45844,AAA
93,6.54177,CCC
94,5.16667,III
95,5.33333,SSS
96,6.16667,FFF
97,7.58333,CCC
98,7.16667,HHH
99,5.5,III
100,8.07506,WWW
101,4.99173,AAA
102,5.07506,VVV
103,4.20038,VVM
104,5.82506,PPP
105,6.6584,CCC
106,4.82506,III
107,5.41667,KKK
108,4.75,SSS
109,5.66667,YYY
110,4.12511,LLL
111,4.12511,III
112,4.95844,EEE
113,2.71734,IIT
114,4.59181,QQQ
115,6.12532,CCC
116,3.37553,IIL
117,4.50021,SSS
118,3.75105,HHR
119,4.00021,III
120,5.7835,YYY
121,4.5335,SSS
122,4.45844,LLL
123,6.62511,CCC
124,4.45844,III
125,3.83396,RRH
126,5.16688,TTT
127,5.41688,FFF
128,6.66688,CCC
129,4.33396,NND
130,5.83354,PPP
131,4.41688,LLL
132,4.83354,FFF
133,2.83396,AAE
134,3.89186,AAA
135,3.83354,LLL
136,4.27544,GGG
137,2.98409,QQK
138,3.27843,VVI
139,2.38784,CCF
140,3.25341,SSS
141,2.58494,SNS
142,2.93683,IIV
143,2.99514,KKR
144,3.53649,VVV
145,2.45358,VVA
146,3.76147,LLL
147,4.22369,RRR
148,3.03587,KRK
149,5,EEE
150,-0.58297,VGV