0,0,#NAME?
1,0,#NAME?
2,0,#NAME?
3,0.40287,#NAME?
4,0.51629,#NAME?
5,1.28062,MMS
6,2.93295,LLL
7,2.16671,FLL
8,4.09962,KKK
9,4.03009,LLL
10,4.11342,LLL
11,4.83333,QQQ
12,5,RRR
13,5.08333,QQQ
14,5.5,TTT
15,6.25,YYY
16,5.33333,TTT
17,7.25,CCC
18,5.16667,LLL
19,5.16667,SSS
20,6.91667,HHH
21,5.25,RRR
22,6.33333,YYY
23,5.7431,GGG
24,4.9931,LLL
25,6.32643,YYY
26,4.1586,VVL
27,6.99172,CCC
28,5.58344,FFF
29,-2.13107,LVG
30,5.28344,GGG
31,2.83376,VVL
32,3.46688,VVV
33,2.6879,VVL
34,2.07007,TTM
35,3.56263,III
36,3.7293,VVV
37,3.9862,SSS
38,4.41667,AAA
39,5.41667,FFF
40,5.08333,QQQ
41,5.5,FFF
42,5.5,GGG
43,4.7431,EEE
44,4.32643,VVV
45,4.7431,VVV
46,3.7086,LLV
47,4.9931,EEE
48,7.65977,WWW
49,4.82643,SSS
50,5.66667,RRR
51,6.33333,DDD
52,5.33333,QQQ
53,6.16667,YYY
54,6.66667,HHH
55,5,VVV
56,4.91667,LLL
57,5.75,FFF
58,5.5,DDD
59,4.83333,SSS
60,6.25,YYY
61,5.19214,RRR
62,5.44214,DDD
63,5.60881,NNN
64,4.31953,IIV
65,4.52548,AAA
66,5.35881,GGG
67,4.85881,KKK
68,4.31953,SSS
69,5.2362,FFF
70,4.65287,QQQ
71,3.66721,NNT
72,4.9862,RRR
73,4.65287,LLL
74,6.7362,CCC
75,5.08333,LLL
76,6.25,PPP
77,5.58333,MMM
78,6,PPP
79,4.75,III
80,5.58333,DDD
81,4.75,VVV
82,5.08333,VVV
83,6.33333,YYY
84,5.5,TTT
85,8.16667,WWW
86,5.33333,VVV
87,6.08333,NNN
88,5.88429,GGG
89,4.67835,TTT
90,5.09501,DDD
91,3.51646,LLI
92,2.98196,EEN
93,3.83811,LLL
94,3.67145,LLL
95,4.05574,KKK
96,3.13005,EED
97,3.58121,LLL
98,2.92411,QQR
99,2.17198,QQA
100,3.27738,VVV
101,3.60381,RRR
102,2.9674,EEQ
103,2.24654,QHR
104,3.39787,MML
105,4.2657,EEE
106,4.27777,EEE
107,4.5816,EEE
108,4.5816,QQQ
109,3.77411,KRK
110,4.16494,AAA
111,3.66481,MML
112,4.39792,RRR
113,4.69172,EEE
114,-1.70802,ITR
115,4.7,LLL
116,5.01401,GGG
117,4.33631,KKK
118,4.86359,NNN
119,2.09343,TTG
120,2.87793,TTS
121,3.80361,EEE
122,1.31371,PPI
123,3.40553,TTT
124,2.24842,KKE
125,1.26488,KKA
126,1.31795,SSP
127,1.70638,EEK
128,1.15097,KKG
129,2.80065,QQR
130,-0.85985,LLP
131,4.43631,EEE
132,6.24459,CCC
133,4.82229,LLL
134,5.10191,LLL
135,4.27814,TTS
136,6.00478,HHH
137,6.40574,CCC
138,4.70574,III
139,3.4395,KKM
140,-0.85985,VVG
141,5.00574,PPP
142,3.09491,MMV
143,4.32229,LLL
144,4.51858,VVV
145,3.99942,LLL
146,4.98084,DDD
147,5.6475,PPP
148,3.05169,APA
149,4.56417,LLL
150,5.37834,PPP
151,3.96167,AAA
152,4.8906,NNN
153,2.79479,ICI
154,4.24252,TTT
155,2.95802,LLV
156,4.32585,KKK
157,3.71799,DDE
158,3.95843,LLL
159,5.1113,PPP
160,2.88221,STT
161,3.45631,LLL
162,2.26948,YYS
163,2.1214,PPA
164,2.29286,SSA
165,3.99403,FFF
166,2.26315,HHS
167,2.54057,SAS
168,3.32948,AAA
169,1.82524,SSK
170,2.66547,DDE
171,2.19002,IML
172,2.24842,FFL
173,2.56317,NNQ
174,3.78026,VVV
175,3.65075,AAA
176,4.12527,KKK
177,5.38907,PPP
178,2.5308,KKL
179,3.37793,NNH
180,5.03504,PPP
181,3.53504,SSS
182,2.94268,TTS
183,2.96126,NNS
184,3.15075,VVV
185,2.10935,SST
186,2.13483,VVA
187,2.30839,VVL
188,2.1469,VVL
189,3.69997,FFF
190,1.64266,DDH
191,2.13558,STS
192,1.27695,TTH
193,1.48289,KKT
194,2.47811,DDE
195,1.80627,VVA
196,4.03504,EEE
197,2.52563,DDK
198,3.54367,AAA
199,5.33011,HHH
200,2.58002,SAA
201,2.61375,GGD
202,-1.61147,LPA
203,1.87065,LFL
204,3.11605,KKK
205,2.17408,GGD
206,-2.42305,NGL
207,-0.16559,SSL
208,-0.08279,RKT
209,1.91084,QQH
210,-0.29198,TMS
211,2.8945,VVI
212,2.53599,WWS
213,4.27101,RRR
214,3.1942,GAG
215,5.36703,YYY
216,4.51034,LLL
217,4.927,TTT
218,5.16667,TTT
219,5.11342,DDD
220,4.94675,KKK
221,5.03009,EEE
222,3.43051,VAA
223,5.61342,PPP
224,5.1361,GGG
225,4.3361,LLL
226,4.35287,VVV
227,-0.16559,LLR
228,4.19108,MMM
229,2.88934,QQH
230,-1.34026,DGT
231,3.84459,LLL
232,3.74459,AAA
233,4.1586,FFY
234,4.32643,LLL
235,4.57643,SSS
236,5.19692,GGG
237,5.05574,FFF
238,5.29194,PPP
239,3.06105,PPA
240,3.30149,TTS
241,3.05627,FFL
242,3.81741,KKK
243,4.11359,EEE
244,4.26168,TTT
245,2.39597,NSE
246,4.06263,QQQ
247,3.64597,LLL
248,3.11147,KKR
249,3.09077,TTV
250,4.19002,KKK
251,3.72803,LLL
252,4.82803,PPP
253,2.40065,EEA
254,-1.74254,NKV
255,2.83376,LLV
256,2.19146,SST
257,3.44114,SSS
258,3.84114,KKK
259,2.2802,VIT
260,4.0993,KKK
261,-0.16559,LLK
262,3.8993,LLL
263,3.60802,QRQ
264,4.2416,LLL
265,5.45134,YYY
266,4.20134,SSS
267,4.69214,EEE
268,4.27548,AAA
269,4.02548,SSS
270,3.7362,VVI
271,3.67835,AAA
272,3.67835,LLL
273,3.84501,LLL
274,2.40341,KKH
275,3.50956,LLL
276,4.1948,NNN
277,2.24898,NNT
278,2.51756,PPA
279,2.57753,KKQ
280,2.01027,DGD
281,4.07488,FFF
282,1.95492,QQT
283,2.82276,EED
284,3.56741,LLL
285,2.29247,NNT
286,2.80149,KKQ
287,4.13217,QQQ
288,2.85245,TTA
289,4.38907,KKK
290,4.62049,KKK
291,4.83811,NNN
292,3.92623,MML
293,4.87739,TTT
294,3.88217,IIL
295,5.21072,DDD
296,5.30096,GGG
297,4.88429,KKK
298,4.94214,EEE
299,4.35881,LLL
300,4.39597,TTT
301,3.60669,IIV
302,3.83121,SSS
303,2.767,PPS
304,3.51646,AAA
305,4.25054,YYF
306,4.32431,LLL
307,3.38005,LLF
308,7.28026,WWW
309,5.17835,DDD
310,4.34501,LLL
311,3.7086,SST
312,4.07643,AAA
313,3.90977,III
314,3.9931,SSS
315,4.66667,QQQ
316,4.41667,SSS
317,4.91667,KKK
318,5.08333,QQQ
319,5.36169,DDD
320,4.94502,EEE
321,5.27835,DDD
322,4.08679,IVV
323,4.27835,SSS
324,4.36169,AAA
325,4.27835,SSS
326,4.91667,RRR
327,5.5,FFF
328,5.16667,EEE
329,5.66667,DDD
330,5.58333,NNN
331,5.08333,EEE
332,5.25,EEE
333,4.66667,LLL
334,4.91667,RRR
335,5.75,YYY
336,4.41667,SSS
337,4.41667,LLL
338,4.83333,RRR
339,4.07643,SSS
340,4.40977,III
341,4.82643,EEE
342,4.12527,RRK
343,6.82643,HHH
344,5.15977,AAA
345,6.40977,PPP
346,8.04406,WWW
347,4.79406,VVV
348,5.37739,RRR
349,4.09767,NNH
350,4.12739,III
351,5.04406,FFF
352,4.29406,III
353,4.58333,VVV
354,5.08333,TTT
355,5.33333,NNN
356,5.58333,GGG
357,5.16667,QQQ
358,5.25,III
359,6.33333,PPP
360,5.08333,SSS
361,7.91667,WWW
362,5.16667,LLL
363,5.91667,NNN
364,5.33333,LLL
365,5.66667,DDD
366,5.66667,NNN
367,5.76858,PPP
368,4.87739,RRR
369,4.29406,VVV
370,3.47028,TTS
371,4.00478,IIV
372,4.29406,VVV
373,4.87739,TTT
374,6.2205,HHH
375,5.19502,QQQ
376,5.47511,DDD
377,4.45021,VII
378,5.27013,FFF
379,3.50626,RQQ
380,5.16185,NNN
381,-0.16559,LLQ
382,3.69471,SST
383,6.39172,HHH
384,4.79172,LLL
385,5.90977,PPP
386,5.25,TTT
387,5.58333,FFF
388,4.75,SSS
389,4.5,SSS
390,5.75,PPP
391,4.15977,AAA
392,4.4931,III
393,4.90977,EEE
394,3.7086,SST
395,6.32643,HHH
396,4.65977,III
397,5.9793,HHH
398,5.06953,RRR
399,4.31953,III
400,3.00054,EEP
401,4.90287,GGG
402,4.06953,LLL
403,4.2362,SSS
404,4.91667,QQQ
405,5,KKK
406,5.41667,FFF
407,4.75,III
408,6.08333,YYY
409,4.91667,LLL
410,5.58333,NNN
411,5.66667,DDD
412,5.58333,DDD
413,4.91667,VVV
414,5.25,MMM
415,5.66667,FFF
416,5.5,GGG
417,5.66667,KKK
418,6.25,DDD
419,5.41667,VVV
420,8.33333,WWW
421,6.75,PPP
422,6.41667,DDD
423,6.41667,DDD
424,6.16667,FFF
425,6.33333,YYY
426,5,SSS
427,6.66667,HHH
428,4.91667,SSS
429,5.16667,KKK
430,5.58333,GGG
431,5.08333,QQQ
432,5.08333,KKK
433,4.66667,VVV
434,6.33333,YYY
435,5.25,LLL
436,5.58333,TTT
437,8.33333,WWW
438,6.58333,PPP
439,5.75,VVV
440,6.91667,PPP
441,6,NNN
442,7.16667,CCC
443,5.5,AAA
444,5.91667,EEE
445,6.33333,GGG
446,7.16667,CCC
447,6.91667,PPP
448,6.41667,GGG
449,5.5,SSS
450,8.16667,WWW
451,5.16667,III
452,5.66667,KKK
453,6.5,DDD
454,6.08333,GGG
455,6.58333,YYY
456,7.33333,CCC
457,6.33333,DDD
458,5.91667,KKK
459,5.41667,AAA
460,7.08333,CCC
461,5.66667,NNN
462,6,NNN
463,5.33333,SSS
464,5.5,AAA
465,7.58333,CCC
466,6.33333,DDD
467,8.58333,WWW
468,6.66667,DDD
469,6.66667,GGG
470,6.26858,GGG
471,5.85191,DDD
472,6.81263,CCC
473,3.24403,SSQ
474,5.08136,GGG
475,3.47562,NNS
476,2.45275,STS
477,-1.04827,GAR
478,2.94714,GG-
479,1.60973,SN-
480,2.63162,RR-
481,2.5139,YF-
482,2.73112,IV-
483,-0.16559,AAF
484,4.76622,GGG
485,4.58885,GGG
486,2.91466,GGA
487,4.5809,GGG
488,2.03696,TTG
489,2.71466,GGS
490,-1.42305,SNV
491,3.74682,III
492,5.1043,GGG
493,-1.06203,VAG
494,5.71861,GGG
495,5.41861,QQQ
496,3.89304,PHP
497,7.58504,WWW
498,5.08504,QQQ
499,5.58504,FFF
500,3.96816,GGA
501,4.94002,GGG
502,4.52336,GGG
503,2.61147,IIL
504,2.13483,NNG
505,1.04459,#NAME?
506,0.60574,#NAME?
507,0.74459,#NAME?
508,-0.37478,STG
509,2.52803,VIM
510,4.08344,SSS
511,4.67262,YYF
512,6.7362,CCC
513,6.10191,NNN
514,5.68525,QQQ
515,6.25,GGG
516,7.08333,CCC
517,5.41667,AAA
518,6.16667,NNN
519,5.16667,SSS
520,7.83333,WWW
521,5,LLL
522,5,AAA
523,6.25,DDD
524,5.41667,KKK
525,5.91667,FFF
526,7.16667,CCC
527,6.16667,DDD
528,5.83333,QQQ
529,5.25,AAA
530,6.91667,CCC
531,5.32643,NNN
532,4.82643,VVV
533,4.9931,LLL
534,3.87527,SSA
535,6.82643,CCC
536,5.34501,GGG
537,5.51168,FFF
538,5.85191,DDD
539,3.86147,AAV
540,5.85191,GGG
541,5.76858,DDD
542,7.01858,CCC
543,5.92835,GGG
544,5.16455,QQQ
545,5.34289,DDD
546,3.64439,HHN
547,2.93366,FFL
548,3.35511,HHN
549,3.00532,EEQ
550,3.47028,LLL
551,3.18405,YYH
552,3.00093,KKR
553,3.17308,VVI
554,1.82847,ITV
555,3.37308,LLL
556,-0.16559,LLR
557,2.45144,PPR
558,4.51147,NNN
559,4.41147,QQQ
560,4.13982,TTT
561,2.30893,HHL
562,5.15765,YYY
563,2.24422,IVT
564,2.91184,IVL
565,5.39597,PPP
566,3.16434,KKQ
567,5.02355,GGG
568,4.63188,EEE
569,-1.30574,CYL
570,-0.16559,LLR
571,3.66604,PSP
572,5.72901,YYY
573,5.07493,FFF
574,4.27493,SSS
575,5.08689,FFF
576,3.15378,AAS
577,-0.70802,ENG
578,2.72873,VIL
579,3.18505,AAA
580,2.13102,KRN
581,3.9454,RRR
582,-0.24838,GGV
583,-0.16559,VVS
584,3.88005,EEE
585,2.31105,GGA
586,-1.38853,ATH
587,2.7981,YYV
588,2.63122,SSA
589,4.41147,DDD
590,4.39385,NNN
591,2.79247,PPQ
592,4.07431,IIV
593,3.38695,IIL
594,4.2155,RRR
595,5.62049,HHH
596,2.85457,AAT
597,4.29406,SSS
598,4.00478,IIV
599,4.54406,AAA
600,5.69214,NNN
601,5.35881,KKK
602,7.91667,WWW
603,5.75,KKK
604,5.58333,TTT
605,4.96762,III
606,5.96072,HHH
607,3.90765,LLL
608,2.95648,IIL
609,3.25054,MML
610,1.53133,HHL
611,1.767,SSP
612,4.16243,GGG
613,1.89439,MMH
614,4.37527,NNN
615,3.83121,AAA
616,4.09155,TTT
617,2.67064,TTQ
618,3.98964,III
619,3.92562,HYH
620,3.83943,FFY
621,4.81473,NNN
622,3.48618,LLI
623,4.34845,TTT
624,2.97121,FLF
625,3.88024,QQQ
626,2.72791,NNS
627,2.12254,TAT
628,2.50473,NND
629,2.00951,DDH
630,2.19995,EEH
631,2.81996,EED
632,3.88365,FFF
633,-0.55412,KKI
634,2.3749,MIM
635,1.85053,QQT
636,1.55881,IIF
637,1.51397,TAS
638,3.19002,VVV
639,2.50744,EES
640,3.85191,VVV
641,5.04406,DDD
642,4.65287,TTT
643,5.2,RRR
644,5.3,EEE
645,-1.75629,GAL
646,6.125,PPP
647,4.75,KKK
648,-0.16559,LLS
649,5.1,NNN
650,2.5,#NAME?
651,3.39252,SSS
652,3.80574,TTT
653,-0.69426,ATP
654,1.65368,QQV
655,2.82007,KKR
656,-1.03452,GAD
657,1.42119,YYK
658,3.16243,EEE
659,1.31529,NSE
660,-0.85985,LLE
661,-0.16559,VVP
662,1.78617,SSK
663,4.05247,PPP
664,1.56663,IVT
665,2.39582,TTV
666,-1.61147,LPA
667,1.5326,LLT
668,4.37101,PPP
669,2.97698,EQE
670,1.71397,AAP
671,3.22547,EDE
672,3.17474,IVV
673,1.73268,LPP
674,4.29925,FFF
675,4.21075,EEE
676,2.45151,DDA
677,4.04062,IVV
678,5.48218,PPP
679,4.41742,KKK
680,4.75632,EEE
681,5.12229,KKK
682,3.81147,RRQ
683,-0.24838,FFG
684,5.09105,PPP
685,4.11003,KKK
686,2.66481,FIV
687,3.57606,KRR
688,3.27583,RR-
689,3.97561,HH-
690,3.44157,DD-
691,2.92402,VV-
692,3.44502,NN-
693,1.88101,SA-
694,2.74999,TT-
695,-1.29198,RGE
696,1.79855,RRQ
697,-1.29198,AFT
698,1.92437,QQH
699,1.35925,EEG
700,2.57835,EED
701,3.42623,VVV
702,2.84778,KKQ
703,3.4586,IIV
704,5.24459,PPP
705,-1.27823,LRV
706,3.23647,VVL
707,4.8543,NNN
708,-0.85985,IIE
709,3.25032,SST
710,3.97516,LLL
711,3.67724,LLL
712,4.74961,PPP
713,2.20609,KKD
714,2.95328,DEE
715,2.12273,AAV
716,2.22273,QQK
717,2.0945,LVI
718,-0.30574,SRE
719,3.0704,LLL
720,1.72327,NSK
721,-0.35401,TNK
722,3.13217,LLL
723,2.58042,DDN
724,-0.85985,LLE
725,2.44507,QQK
726,3.36147,LLL
727,2.34794,EEM
728,-0.69426,HRS
729,4.91401,GGG
730,4.77516,DDD
731,4.46115,III
732,4.96762,TTT
733,3.82431,LLI
734,4.81953,KKK
735,5.2362,GGG
736,4.23886,YYF
737,5.17835,NNN
738,4.08811,LLL
739,2.76434,SST
740,4.03026,KKK
741,2.57909,SSA
742,1.7946,AAM
743,3.12527,LLL
744,3.03504,LLL
745,2.06179,RRE
746,1.94507,SSP
747,2.94507,FFY
748,-0.16559,LLK
749,-2.30574,MGE
750,1.85357,NNK
751,1.28043,SSD
752,0.85138,QLQ
753,-1.68051,HDF
754,1.18508,ATT
755,0.57237,KKL
756,-0.85985,IIK
757,1.0946,KKH
758,-0.95173,NPE
759,1.32007,QQK
760,-0.16559,AAD
761,-1.29872,IRK
762,1.78007,I--
763,2.8027,TT-
764,2.98645,DD-
765,3.45533,EEE
766,1.81967,TTE
767,2.24743,NKK
768,-0.98625,DGQ
769,1.24215,SNK
770,2.45977,LLL
771,-1.31949,VES
772,-1.03452,AVP
773,1.66774,PPV
774,1.21602,QQA
775,1.91028,EEQ
776,-1.72879,KNL
777,1.71431,QPQ
778,-1.33324,VSN
779,2.0283,HHE
780,2.21993,KRR
781,1.38005,S-A
782,-0.68734,I-A
783,-1.30574,LRA
784,0.71948,PPR
785,-1.77706,NHV
786,-0.68051,SGK
787,-1.72879,LFR
788,-1.04827,GAE
789,-2.30574,VGK
790,-0.68051,SEG
791,1.59019,EHE
792,1.64517,RRN
793,-0.93797,LSV
794,1.294,QED
795,1.58386,RRQ
796,0.69965,LWL
797,1.25626,TTK
798,-2.36776,FAP
799,1.25337,PPV
800,2.69566,AAA
801,-1.65974,VEP
802,2.14248,STS
803,2.47411,VVL
804,-1.01375,KTV
805,-0.16559,VVP
806,-1.74254,NKV
807,3.22294,GGQ
808,-2.08279,HRI
809,3.22294,DDD
810,-0.34026,QHD
811,-1.06203,GAV
812,-1.30574,QLT
813,1.64015,NNT
814,1.54301,PPK
815,1.54301,PPA
816,-1.96548,LPQ
817,-1.59772,DVS
818,-0.16559,LLR
819,-0.55412,EEL
820,2.55187,TT-
821,1.11644,TN-
822,1.9139,AA-
823,2.07339,RR-
824,0.47848,FL-
825,0.47848,R--
826,0.26582,V--
827,0,E--
828,0.26582,T--
829,0.31898,H--
830,0.63797,TA-
831,2.0415,QQ-
832,-0.63797,KP-
833,2.63162,TT-
834,2.17941,IL-
835,3.15085,GG-
836,-2.31949,GVF
837,2.73821,NTN
838,3.12615,VVI
839,-0.04827,TSE
840,3.54403,KKK
841,2.49364,EEP
842,-0.01375,KNH
843,-0.94471,PLM
844,-2.40228,PSF
845,-1.34026,SPH
846,2.84077,LLL
847,2.49364,IIL
848,-0.16559,VVS
849,1.63298,PPN
850,-0.52194,LPL
851,1.73589,EEK
852,1.36089,SSG
853,1.56093,QHN
854,2.71887,MLL
855,-0.29198,TPS
856,3.40345,KKK
857,3.36943,EEE
858,1.50688,KER
859,0.91781,K--
860,0.50115,I--
861,0.08448,T--
862,0,G--
863,0.26582,K--
864,0.3208,E--
865,0.4388,K--
866,1.77958,EE-
867,0.80447,NSD
868,1.60699,SDS
869,1.16884,RRD
870,-0.31949,MAS
871,2.72782,EEE
872,0.87504,EGG
873,0.95498,N--
874,0.95498,A--
875,0.64638,E--
876,2.15314,NN-
877,-1.27593,HA-
878,1.67767,IV-
879,-2,GPH
880,2.11438,VVL
881,1.48223,TKR
882,2.98449,EEE
883,-1.4368,VLR
884,-1.4368,LVP
885,-1.61147,LPT
886,5.00346,GGG
887,4.7526,RRR
888,4.01038,KRR
889,4.02068,LLL
890,3.88942,QQQ
891,-1.37478,HQF
892,1.97418,YNY
893,1.63243,T-S
894,2.39014,D-D
895,0.84363,#NAME?
896,-1.37467,S-L
897,2.39131,YYN
898,-2.30574,LPR
899,5.21895,GGG
900,5.87516,FFF
901,5.5,LLL
902,6.58333,PPP
903,7.9931,WWW
904,5.40977,EEE
905,5.42835,KKK
906,4.47718,KKR
907,4.84501,KKK
908,4.60457,YYF
909,5.26168,FFF
910,4.81953,QQQ
911,5.08811,DDD
912,4.31953,LLL
913,3.25266,LLM
914,3.21816,DDE
915,3.50266,EEE
916,1.47772,EEV
917,2.0239,EEN
918,1.75532,SSR
919,3.02814,LLL
920,2.60935,KKQ
921,3.68312,TTT
922,3.35457,QQE
923,3.50956,LLL
924,2.00532,AAQ
925,4.78504,YYY
926,1.85511,FFT
927,2.04247,TTA
928,4.03376,DDD
929,1.64523,SSR
930,2.32294,KKT
931,-1.08279,NHA
932,3.9586,TTT
933,4.70574,GGG
934,4.44459,RRR
935,3.46338,QQR
936,4.20382,LLL
937,3.46338,KKQ
938,4.95382,DDD
939,4.85191,TTT
940,5.26858,FFF
941,4.58333,AAA
942,5.33333,DDD
943,4.66667,SSS
944,4.5,LLL
945,5.08333,RRR
946,5.65977,YYY
947,4.29406,VVV
948,5.12739,NNN
949,3.92623,KKR
950,3.37527,IIL
951,3.80574,LLL
952,4.63907,NNN
953,3.1948,SSA
954,3.60457,KKQ
955,5.26168,FFF
956,5.09501,GGG
957,5.35191,FFF
958,5.16667,TTT
959,4.58333,SSS
960,5.08333,RRR
961,4.91667,KKK
962,4.75,VVV
963,6.08333,PPP
964,5,AAA
965,6.91667,HHH
966,5.75,MMM
967,6.33333,PPP
968,6.91667,HHH
969,5.41667,MMM
970,4.80096,III
971,5.32643,DDD
972,4.65977,RRR
973,3.66455,IIL
974,4.03716,VVI
975,4.57643,MMM
976,4.57643,QQQ
977,4.85881,EEE
978,4.2362,LLL
979,4.7362,QQQ
980,5.31953,DDD
981,2.99364,MMT
982,5.2293,FFF
983,5.7293,PPP
984,4.02814,EEQ
985,5.2431,EEE
986,5.57643,FFF
987,5.32643,DDD
988,4.70382,KKK
989,4.95382,TTT
990,4.28026,SSS
991,2.63271,FFS
992,5.78026,HHH
993,3.91243,KKR
994,4.36359,VVV
995,5.15977,RRR
996,6.2431,HHH
997,4.75,SSS
998,5.25,EEE
999,5.75,DDD
1000,5,MMM
1001,5.16667,QQQ
1002,5.5,FFF
1003,4.75,AAA
1004,5.66667,FFF
1005,5,SSS
1006,6.10191,YYY
1007,5.68525,FFF
1008,6.01858,YYY
1009,4.86147,YYF
1010,4.51858,LLL
1011,4.76858,MMM
1012,4.18525,SSS
1013,3.95382,AAA
1014,3.95382,VVV
1015,4.45382,QQQ
1016,2.97294,PPQ
1017,4.03716,LLL
1018,4.78026,NNN
1019,3.86359,III
1020,4.2431,SSS
1021,3.58177,QQE
1022,3.94961,VVV
1023,4.72508,FFF
1024,3.00761,DHD
1025,4.64865,EEE
1026,4.10937,VVI
1027,4.85937,DDD
1028,4.65287,TTT
1029,5.15287,DDD
1030,3.34767,QQH
1031,4.21072,SSS
1032,4.96072,GGG
1033,4.12739,VVV
1034,4.41667,LLL
1035,4.5,SSS
1036,5.16667,DDD
1037,4.83333,RRR
1038,4.91667,EEE
1039,4.5,III
1040,4.75,RRR
1041,4.75,TTT
1042,4.33333,LLL
1043,4.33333,AAA
1044,5,TTT
1045,4.8385,RRR
1046,4.42184,III
1047,6.3385,HHH
1048,4.19768,EDE
1049,4.50517,LLL
1050,5.75517,PPP
1051,4.25517,LLL
1052,4.5,SSS
1053,4.5,LLL
1054,4.75,QQQ
1055,4.9862,DDD
1056,4.15287,LLL
1057,4.65287,TTT
1058,3.12103,GGS
1059,3.94002,LLL
1060,4.35669,EEE
1061,3.20914,HHQ
1062,4.62049,MMM
1063,4.62049,LLL
1064,4.53716,III
1065,5.58333,NNN
1066,6.4862,CCC
1067,4.40287,SSS
1068,5.06953,KKK
1069,2.99364,MMS
1070,3.78774,LLL
1071,4.92203,PPP
1072,2.8042,AAS
1073,3.18875,DNN
1074,3.15133,IIL
1075,3.77394,TTT
1076,2.20495,QQH
1077,3.28504,LLL
1078,2.57485,NNH
1079,1.87369,NNA
1080,3.35457,IIV
1081,2.66297,PPS
1082,5.18312,PPP
1083,4.48103,TTT
1084,4.78889,QQQ
1085,5.25173,EEE
1086,3.92705,SAA
1087,6.1684,YYY
1088,5.96245,YYY
1089,5.34674,DDD
1090,6.17835,PPP
1091,4.31529,NNS
1092,4.09979,LLM
1093,5.84501,PPP
1094,5.67835,PPP
1095,4.31953,VVV
1096,4.85191,TTT
1097,4.60191,KKK
1098,2.51434,SSG
1099,3.54884,LLL
1100,3.88217,VVV
1101,2.56317,TTI
1102,3.75054,NNH
1103,6.38907,CCC
1104,4.80574,KKK
1105,5.83811,PPP
1106,4.33121,VVI
1107,4.62049,TTT
1108,4.13005,DDE
1109,3.83599,KKR
1110,4.34501,III
1111,5.94692,HHH
1112,4.84501,KKK
1113,4.68525,AAA
1114,4.63005,YYF
1115,4.78716,KKK
1116,5.20382,DDD
1117,3.88005,KKQ
1118,5.34501,NNN
1119,5.01168,KKK
1120,5.76168,YYY
1121,4.2086,RRK
1122,5.40977,FFF
1123,5.07643,EEE
1124,4.4931,III
1125,5.08333,MMM
1126,5.41667,GGG
1127,4.91667,EEE
1128,4.91667,EEE
1129,5,EEE
1130,4.5,III
1131,4.5,AAA
1132,5.25,FFF
1133,4.83333,KKK
1134,4.91667,MMM
1135,4.66667,III
1136,4.91667,RRR
1137,4.83333,TTT
1138,5.5,NNN
1139,4.66667,VVV
1140,4.58333,SSS
1141,6.33333,HHH
1142,4.58333,VVV
1143,4.58333,VVV
1144,5.58333,GGG
1145,5,QQQ
1146,4.58333,LLL
1147,5.5,DDD
1148,5.41667,DDD
1149,4.66667,III
1150,5.33333,RRR
1151,5.25,KKK
1152,5.58333,NNN
1153,6.16667,PPP
1154,5.19214,RRR
1155,5.52548,KKK
1156,5.77548,FFF
1157,4.56953,VVI
1158,7.02548,CCC
1159,5.02548,LLL
1160,5.69214,NNN
1161,5.91667,DDD
1162,5.83333,NNN
1163,5.2,III
1164,6.2,DDD
1165,6.9,HHH
1166,-0.24838,NNI
1167,6.9,HHH
1168,5.75,KKK
1169,5.75,DDD
1170,4.8,AAA
1171,-1.08279,QRG
1172,4.8,TTT
1173,4.2,VVV
1174,4.6,KKK
1175,4.25,AAA
1176,4.33333,VVV
1177,4.5,LLL
1178,5.08333,RRR
1179,5.58333,DDD
1180,5.58333,FFF
1181,6.08333,YYY
1182,5.33333,EEE
1183,5,SSS
1184,5.13429,MMM
1185,5.55096,FFF
1186,5.88429,PPP
1187,4.13907,IIL
1188,6.05096,PPP
1189,4.71762,SSS
1190,4.88429,QQQ
1191,5.66667,FFF
1192,5.08333,EEE
1193,4.75,LLL
1194,6.16667,PPP
1195,5.25,RRR
1196,5.33333,EEE
1197,6.25,YYY
1198,5.33333,RRR
1199,5.66667,NNN
1200,5.5,RRR
1201,5.75,FFF
1202,4.58811,LLL
1203,6.17145,HHH
1204,4.83811,MMM
1205,3.11201,HHT
1206,4.83811,EEE
1207,4.67145,LLL
1208,5.08811,QQQ
1209,5.04406,EEE
1210,7.71072,WWW
1211,5.29406,RRR
1212,3.51434,AAI
1213,6.21072,YYY
1214,4.79406,RRR
1215,5.21072,DDD
1216,5.25,KKK
1217,5.16667,LLL
1218,5.58333,KKK
1219,6.16667,FFF
1220,8.58333,WWW
1221,6.08333,TTT
1222,7.25,HHH
1223,7.26858,CCC
1224,4.68525,VVV
1225,4.60191,LLL
1226,3.05361,AAV
1227,4.01743,TTT
1228,3.76743,LLL
1229,3.56149,IIV
1230,3.05788,MIV
1231,4.59387,FFF
1232,4.1772,TTT
1233,3.69578,IIV
1234,3.44268,FFM
1235,4.17835,SSS
1236,5.01168,FFF
1237,5.15287,FFF
1238,4.39233,AAA
1239,4.75115,EEE
1240,4.2952,QQQ
1241,3.17354,LIL
1242,3.50593,IIV
1243,2.34882,AAM
1244,3.65424,LLL
1245,4.04459,KKK
1246,4.31401,RRR
1247,-0.55412,KKW
1248,4.10574,IIL
1249,5.46115,FFF
1250,5.86115,PPP
1251,4.90977,RRR
1252,4.83811,RRR
1253,4.75478,RRR
1254,3.7086,IIV
1255,2.97772,HHS
1256,4.07431,KKK
1257,3.37315,EED
1258,3.63102,AAA
1259,3.03389,SSN
1260,5.01053,PPP
1261,2.52752,NDE
1262,4.07924,RRR
1263,3.30574,IIV
1264,3.18984,RR-
1265,2.55187,VV-