0,0.13423,-M---
1,0.15943,MV---
2,0.21785,AA---
3,0.17194,ER---
4,0.17404,AG---
5,0.19838,AA---
6,0.19351,AA---
7,0.16917,AL---
8,0.16707,AS---
9,0.1601,GD---
10,0.15313,GL---
11,0.14053,-S---
12,0.14053,-P---
13,0.1454,-E---
14,0.15026,-P---
15,0.16773,TS---
16,0.19208,GG---
17,0.19208,LL---
18,0.19208,GG---
19,0.15513,-R---
20,0.14816,-R---
21,0.1412,-H---
22,0.13423,-K---
23,0.13423,-A---
24,0.1412,-E---
25,0.13913,-A---
26,0.15376,-M---
27,0.19333,AA---
28,0.14609,GEM--
29,0.24422,AAA--
30,0.1994,SAS--
31,0.16357,YAN--
32,0.24707,GGG--
33,0.18082,SES--
34,0.183,AAS--
35,0.15137,AGS--
36,0.1437,DAS--
37,0.18154,RSS--
38,0.16865,DE---
39,0.20203,RR---
40,0.2062,DD---
41,0.20324,PP---
42,0.21578,DD---
43,0.18956,PA---
44,0.18053,DG---
45,0.24132,RRR--
46,0.20128,AAS--
47,0.17802,GRQ--
48,0.22635,RRH--
49,0.26451,RRR--
50,0.27826,LLL--
51,0.31731,RRR--
52,0.30096,VVI--
53,0.37512,LLIMM
54,0.47128,SSASA
55,0.47019,GGGAA
56,0.38559,HHHSK
57,0.38679,LLLYR
58,0.3481,LLQQN
59,0.2317,GGKTA
60,0.33718,RRRIV
61,0.32601,PPTET
62,0.19665,RQEHT
63,0.43815,EEDDE
64,0.38696,AAQVA
65,0.38152,LPHPP
66,0.2734,SSTQE
67,0.41344,TTSSS
68,0.19649,NNL-S
69,0.16988,EES-A
70,0.16694,CCA-P
71,0.1422,KKQ-G
72,0.17571,AAN-E
73,0.17571,RRC-G
74,0.25855,RRR-T
75,0.35709,AAA-A
76,0.18952,AAE-L
77,0.25967,SSS-A
78,0.17683,AAP-L
79,0.13295,AAG-D
80,0.15002,TGS-S
81,0.12026,AAS-R
82,0.06845,ASP-L
83,0.19147,PPS-S
84,0.09495,TAR-K
85,0.15285,AAQ-R
86,0.2397,TTT-V
87,0.23081,PPP-E
88,0.21005,AA--S
89,0.22432,AA---
90,0.19363,QP---
91,0.21026,EE---
92,0.22084,SS---
93,0.2469,GG---
94,0.25417,TT--V
95,0.32381,IIV-I
96,0.47319,PPP-P
97,0.40207,KKR-K
98,0.47921,KKRYK
99,0.72153,RRRRR
100,0.46445,QQQDH
101,0.64601,EEEKE
102,0.55008,VVIIA
103,0.62214,MMMLL
104,0.85276,KKKKK
105,0.87974,WWWWW
106,0.7922,NNNNF
107,0.9713,GGGGG
108,0.9367,WWWWW
109,0.9367,GGGGG
110,0.96538,YYYYY
111,0.73907,NNSSN
112,0.91207,DDDDD
113,0.8423,SSSSS
114,0.50541,KKRQQ
115,0.7646,FFFFF
116,0.41574,ILLAY
117,0.37701,FLFIG
118,0.57254,NNNN-
119,0.7301,KKKKK
120,0.56779,KKKDD
121,0.7646,GGGGG
122,0.51196,QQQHI
123,0.47602,IVAVI
124,0.51899,EEETC
125,0.55697,LLFFF
126,0.60037,TTTTR
127,0.79732,GGGGG
128,0.54049,KKKDE
129,0.62955,RRRKK
130,0.80807,YYYYY
131,0.56586,PPREP
132,0.65551,LLLIL
133,0.61444,SSSSG
134,0.73086,GGGGG
135,0.43044,MLLKC
136,0.40986,GVIVE
137,0.61097,LLLML
138,0.69012,PPPPP
139,0.41481,TTSHS
140,0.58827,FLLFF
141,0.45079,KRKRT
142,0.34658,EDDPK
143,0.70072,WWWWW
144,0.40338,IIFFV
145,0.53283,QQEEE
146,0.48214,NNGNK
147,0.39759,TTTYK
148,0.48477,LLFLF
149,0.46093,GGGG-
150,0.28566,VVAI-
151,0.38377,NSSDD
152,0.51348,VLLLL
153,0.29258,EEQGR
154,0.41897,HHHFV
155,0.4165,KKKVD
156,0.47472,TTSST
157,0.46152,TTPPT
158,0.34853,SSAAK
159,0.36243,KKTQQ
160,0.19694,ATSKY
161,0.30348,SSS-P
162,0.34664,LILLQ
163,0.31128,NNNSL
164,0.32955,PPVDP
165,0.32166,SSSVR
166,0.16649,DEAIT
167,0.1845,TAVIY
168,0.35809,PPSDP
169,0.33861,PPPAR
170,0.51159,SSPPP
171,0.50044,VINVV
172,0.46836,VVLEE
173,0.75999,NNNNN
174,0.60223,EEEEA
175,0.48951,DDADP
176,0.60197,FFFIF
177,0.49465,LLSIL
178,0.46687,HQEEH
179,0.44382,DEDFE
180,0.69546,LLLLL
181,0.55396,KKKQK
182,0.30989,#NAME?
183,0.41646,EEAET
184,0.34036,TAANT
185,0.17963,NRGKQ
186,0.41529,IILIV
187,0.39538,SSLSD
188,0.43326,YYAFY
189,0.7297,SSSSS
190,0.36131,QQHNA
191,0.61314,EEDEE
192,0.63764,AAAAG
193,0.39686,DDERI
194,0.62804,DDDID
195,0.78682,RRRRR
196,0.58488,VVVLL
197,0.57261,FFFMV
198,0.86008,RRRRR
199,0.57091,AAAGC
200,0.8314,HHHHH
201,0.85652,GGGGG
202,0.68444,HHHHQ
203,0.6657,CCCTT
204,0.68236,LLLVL
205,0.62176,HHHHN
206,0.54561,EEEDD
207,0.62495,IIIMI
208,0.49766,FFFIY
209,0.40967,LLANS
210,0.76517,LLLLL
211,0.59545,RRRRW
212,0.61294,EEEEH
213,0.61294,GGGGH
214,0.48983,MMRKK
215,0.56357,FFIIF
216,0.41678,EEGPR
217,0.79394,RRRRR
218,0.55524,IIVLI
219,0.83205,PPPPP
220,0.8777,DDDDD
221,0.62876,IIMIL
222,0.92614,VVVVV
223,0.73619,LVVVV
224,0.82947,WWWWW
225,0.85228,PPPPP
226,0.45536,TTSKR
227,0.65728,CCCSC
228,0.6303,HHHEH
229,0.49909,DDSHD
230,0.60379,DDDEE
231,0.64573,VVVIV
232,0.66117,VVEVV
233,0.61597,KKKKQ
234,0.6247,IIIIL
235,0.66018,VVVIV
236,0.4184,NNDER
237,0.63368,LLLGL
238,0.76317,AAAAA
239,0.52966,CCCMN
240,0.66989,KKKSK
241,0.60926,YYHHH
242,0.74451,NNNNN
243,0.49261,LLVCV
244,0.53442,CCCAM
245,0.60342,IILIL
246,0.6358,IIIIV
247,0.83426,PPPPP
248,0.63742,IIYIF
249,0.92151,GGGGG
250,0.95019,GGGGG
251,0.95019,GGGGG
252,0.973,TTTTT
253,0.90331,SSSSS
254,0.86922,VVVVV
255,0.70565,SSSTS
256,0.42238,YYSNG
257,0.57347,GGAAA
258,0.60047,LLLLI
259,0.36731,MMEDT
260,0.58089,CCCTC
261,0.74987,PPPPP
262,0.45114,AAQEQ
263,0.44767,DDETN
264,0.75343,EEEEE
265,0.46596,TTTKS
266,0.73173,RRRRR
267,0.42427,TTCAM
268,0.61087,IIIVI
269,0.54893,IIVIC
270,0.62748,SSSSA
271,0.6787,LLLML
272,0.8136,DDDDD
273,0.70151,TTTMT
274,0.70321,SSSAS
275,0.70321,QQQLQ
276,0.67453,MMMLM
277,0.70151,NNNDN
278,0.72849,RRRKR
279,0.69111,IIIIL
280,0.83281,LLLLL
281,0.82408,WWWWW
282,0.51849,VVIIL
283,0.68304,DDDDN
284,0.64791,EEERR
285,0.55992,NNKEE
286,0.83019,NNNNN
287,0.80678,LLLLL
288,0.79038,TTTTT
289,0.55622,AAACV
290,0.52754,HHHRC
291,0.52754,VVVAF
292,0.65313,EEEQE
293,0.64342,AAAAS
294,0.83892,GGGGG
295,0.89102,IIIII
296,0.60291,TTIVV
297,0.8981,GGGGG
298,0.8981,QQQQQ
299,0.65525,EDDSD
300,0.92273,LLLLL
301,0.92273,EEEEE
302,0.86687,RRRRR
303,0.71995,QQQQV
304,0.79365,LLLLL
305,0.51439,KKNNR
306,0.48107,EEEKS
307,0.38606,SSRKE
308,0.68243,GGGGG
309,0.4778,YYYFL
310,0.61186,CCCTT
311,0.59959,TTTCV
312,0.86008,GGGGG
313,0.91218,HHHHH
314,0.94788,EEEEE
315,0.93028,PPPPP
316,0.93028,DDDDD
317,0.93028,SSSSS
318,0.58181,LLMIY
319,0.90639,EEEEE
320,0.87231,FFFFF
321,0.87231,SSSSS
322,0.82255,TTSTT
323,0.7716,VVLLL
324,0.9166,GGGGG
325,0.88145,GGGGG
326,0.90534,WWWWW
327,0.81238,VIVVV
328,0.76364,SSASA
329,0.93942,TTTTT
330,0.93942,RRRRR
331,0.96482,AAAAA
332,0.99998,SSSSS
333,0.99998,GGGGG
334,0.99998,MMMMM
335,0.94788,KKKKK
336,0.94788,KKKKK
337,0.94788,NNNNN
338,0.68739,IIIKV
339,0.94788,YYYYY
340,0.94788,GGGGG
341,0.94788,NNNNN
342,0.99998,IIIII
343,0.99998,EEEEE
344,0.99998,DDDDD
345,0.9713,LLLLL
346,0.90092,VVVVV
347,0.84883,VVVVV
348,0.67845,HHHHR
349,0.46996,IMILV
350,0.53438,KKKNR
351,0.65997,MMMFM
352,0.77145,VVVVV
353,0.70693,TTTCT
354,0.83808,PPPPP
355,0.57589,RRRKS
356,0.8094,GGGGG
357,0.52846,IVVIT
358,0.6122,IIIIL
359,0.64739,EEEQE
360,0.5891,KKKKR
361,0.47577,SSSQE
362,0.6379,CSCCC
363,0.54298,QQLQS
364,0.53142,GGGVA
365,0.84401,PPPPP
366,0.81732,RRRRR
367,0.72371,MMMMV
368,0.9192,SSSSS
369,0.65871,TTTSC
370,0.89052,GGGGG
371,0.89052,PPPPP
372,0.86354,DDDDD
373,0.72015,IIIIF
374,0.72015,HHHHN
375,0.69294,HHHQH
376,0.56735,FFFIV
377,0.85652,IIIII
378,0.70667,MMMLL
379,0.91218,GGGGG
380,0.96427,SSSSS
381,0.96427,EEEEE
382,0.99998,GGGGG
383,0.99998,TTTTT
384,0.96538,LLLLL
385,0.9384,GGGGG
386,0.9384,VVVVV
387,0.73131,IIVVI
388,0.74074,TTTST
389,0.82585,EEEEE
390,0.65545,AAVVV
391,0.68838,TTTTV
392,0.58284,IIMIL
393,0.83177,KKKKK
394,0.6534,IIIIV
395,0.69058,RRRFR
396,0.84658,PPPPP
397,0.44918,VTIIL
398,0.77107,PPPPP
399,0.61894,EEEES
400,0.47487,YYYVL
401,0.54393,QQQKR
402,0.62589,KKKRR
403,0.64611,YYYFY
404,0.7985,GGGGG
405,0.8506,SSSSS
406,0.62581,VVVFL
407,0.74027,AAVVA
408,0.91328,FFFFF
409,0.88939,PPPPP
410,0.91451,NNNNN
411,0.94911,FFFFF
412,0.82965,EEQEE
413,0.76212,QQQSQ
414,0.86131,GGGGG
415,0.80921,VVVVV
416,0.57261,AAANL
417,0.68155,CCCFF
418,0.56551,LLLFM
419,0.826,RRRRR
420,0.82303,EEEEE
421,0.65966,IIVVV
422,0.88216,AAAAA
423,0.60684,KKRIR
424,0.70305,QQQQR
425,0.88053,RRRRR
426,0.88053,CCCCC
427,0.75707,AAAQQ
428,0.91218,PPPPP
429,0.91218,AAAAA
430,0.91218,SSSSS
431,0.68739,IIILV
432,0.94788,RRRRR
433,0.94788,LLLLL
434,0.87961,MMMMM
435,0.93171,DDDDD
436,0.93171,NNNNN
437,0.53826,KQEDE
438,0.85263,QQQQQ
439,0.85263,FFFFF
440,0.55644,QQQVM
441,0.7503,FFFMF
442,0.8852,GGGGG
443,0.70667,HHHQQ
444,0.91032,AAAAA
445,0.8852,LLLLL
446,0.8331,KKKKK
447,0.67424,PPPVP
448,0.54865,QQQAE
449,0.51294,VVVSK
450,0.43937,SSSD-
451,0.729,SSSSS
452,0.57559,IIIWW
453,0.57559,FFFWW
454,0.58316,TTTAA
455,0.59982,SSSDS
456,0.45783,FFFLV
457,0.44144,LLLKV
458,0.57576,DDDSD
459,0.44847,GGGSA
460,0.44847,LLLVM
461,0.62616,KKKSK
462,0.61595,KKKKQ
463,0.55096,FFFMR
464,0.82784,YYYYY
465,0.67571,IIIIV
466,0.84779,TTTTT
467,0.72136,KKKSS
468,0.69268,FFFWW
469,0.87291,KKKKK
470,0.82081,GGGGG
471,0.66468,FFFFI
472,0.66044,DDDKD
473,0.50136,PPPVL
474,0.48555,NNHDN
475,0.47852,QQHEQ
476,0.58026,LILII
477,0.62941,SSCCC
478,0.64275,VVVAA
479,0.84274,AAAAA
480,0.84926,TTTTT
481,0.74844,LLLCL
482,0.78415,LLLVL
483,0.75717,FFFYF
484,0.86338,EEEEE
485,0.84058,GGGGG
486,0.68056,DDDND
487,0.69904,RRRRL
488,0.5414,EEGEK
489,0.50117,KKKED
490,0.75996,VVVVV
491,0.52815,LLLDQ
492,0.64293,QQQQR
493,0.64293,HHHHQ
494,0.73423,EEEEE
495,0.49886,KKKEA
496,0.47544,QQQRL
497,0.47714,VVVLI
498,0.60274,YYYNY
499,0.49354,DDDKE
500,0.64425,IIILI
501,0.83124,AAAAA
502,0.62759,AAAEE
503,0.72332,KKKQK
504,0.8331,FFFFF
505,0.52052,GGGHQ
506,0.78973,GGGGG
507,0.55622,LLLVF
508,0.50412,AAAVP
509,0.62972,AAAGA
510,0.76461,GGGGG
511,0.55622,EEEAG
512,0.57964,DDDEQ
513,0.84013,NNNNN
514,0.84013,GGGGG
515,0.74883,QQQQE
516,0.73973,RRRYR
517,0.87463,GGGGG
518,0.87463,YYYYY
519,0.52075,LLMRI
520,0.86922,LLLLL
521,0.86922,TTTTT
522,0.69882,YYFFF
523,0.80403,VVVAV
524,0.90432,IIIII
525,0.90432,AAAAA
526,0.9384,YYYYY
527,0.76369,IILLI
528,0.91265,RRRRR
529,0.87805,DDDDD
530,0.66495,LLLLF
531,0.6706,AGGGG
532,0.58214,LLMML
533,0.378,EEDNH
534,0.43882,YYYHQ
535,0.49504,YYYGG
536,0.56477,VVVVI
537,0.49863,LIILV
538,0.58103,GGDGA
539,0.86567,EEEEE
540,0.89434,SSSSS
541,0.95019,FFFFF
542,0.9659,EEEEE
543,0.9659,TTTTT
544,0.9659,SSSSS
545,0.7955,AAVVV
546,0.93892,PPPPP
547,0.91024,WWWWW
548,0.84118,DDDDD
549,0.68827,RRRKR
550,0.67976,VVVVC
551,0.47786,VILLS
552,0.56268,DDDSL
553,0.82146,LLLLL
554,0.85014,CCCCC
555,0.9192,RRRRR
556,0.79922,NNNNS
557,0.91564,VVVVV
558,0.86354,KKKKK
559,0.63724,EEEEQ
560,0.64575,RRRLR
561,0.52015,IIIMV
562,0.33915,TRIKV
563,0.61026,RRRRS
564,0.72854,EEEEE
565,0.59718,CCCAC
566,0.64289,KKKKS
567,0.52581,EEEAK
568,0.49134,KRRQR
569,0.56568,GGGGS
570,0.53851,VVVVI
571,0.42142,QQQTN
572,0.42008,FFFHY
573,0.403,AAPPY
574,0.39079,PPPVT
575,0.45382,FLLLI
576,0.62057,SSSAS
577,0.51297,TTTN-
578,0.86342,CCCCC
579,0.91333,RRRRR
580,0.91333,VVVVV
581,0.973,TTTTT
582,0.973,QQQQQ
583,0.83811,TTTVT
584,0.973,YYYYY
585,0.973,DDDDD
586,0.973,AAAAA
587,0.96538,GGGGG
588,0.96538,AAAAA
589,0.96538,CCCCC
590,0.79237,IIVVI
591,0.96538,YYYYY
592,0.92967,FFFFF
593,0.92967,YYYYY
594,0.93559,FFFFF
595,0.70497,AAAGG
596,0.85482,FFFFF
597,0.68274,NNNNR
598,0.5098,YYYAS
599,0.61049,RRRRT
600,0.58352,GGGGD
601,0.44935,IILLV
602,0.48507,SSSKA
603,0.58604,DDDND
604,0.58604,PPPGP
605,0.56641,LLVLV
606,0.50079,TTHEE
607,0.58051,VVVVL
608,0.52457,FFYYF
609,0.59784,EEEDE
610,0.37909,QHQRA
611,0.46446,TTVII
612,0.76558,EEEEE
613,0.51724,AAHTH
614,0.68383,AAAAS
615,0.88053,AAAAA
616,0.88053,RRRRR
617,0.73009,EEEDD
618,0.90861,EEEEE
619,0.87291,IIIII
620,0.73801,LLLIL
621,0.76522,AAAAS
622,0.73009,NNNCC
623,0.88164,GGGGG
624,0.90861,GGGGG
625,0.93729,SSSSS
626,0.83811,LLLIL
627,0.973,SSSSS
628,0.973,HHHHH
629,0.973,HHHHH
630,0.99998,HHHHH
631,0.99998,GGGGG
632,0.96649,VVVVV
633,0.96649,GGGGG
634,0.93781,KKKKK
635,0.72056,LILII
636,0.88802,RRRRR
637,0.68877,KKKKS
638,0.53114,QQEQH
639,0.76146,WWWWW
640,0.4301,LLMMY
641,0.4225,KKKLR
642,0.42019,EEETN
643,0.35049,SSSTA
644,0.36284,IIVNV
645,0.42976,SSSGT
646,0.32418,DDGAE
647,0.52925,VVVVT
648,0.69201,GGGGG
649,0.34585,FFLIS
650,0.45374,GGGAS
651,0.52867,MMMLL
652,0.40617,LLILY
653,0.47586,KKQKS
654,0.54627,SSSAA
655,0.43032,VVVIA
656,0.70489,KKKKK
657,0.49419,EEESR
658,0.44191,YYFEH
659,0.58105,VVVLL
660,0.75958,DDDDD
661,0.81168,PPPPP
662,0.46686,NSQAK
663,0.88137,NNNNN
664,0.82552,IIIII
665,0.77342,FFFFF
666,0.67779,GGGAA
667,0.57706,NNSSL
668,0.56886,RRRAG
669,0.76031,NNNNN
670,0.72699,LLLLL
671,0.57892,LLLIL
672,0.35173,#NAME?
673,0.2827,#NAME?
674,0.21367,#NAME?
675,0.17162,#NAME?
676,0.17162,#NAME?
677,0.17162,#NAME?
678,0.17162,#NAME?
679,0.17057,#NAME?
680,0.16952,#NAME?
681,0.16847,#NAME?
682,0.16216,#NAME?
683,0.16111,#NAME?
684,0.16006,#NAME?
685,0.15901,#NAME?
686,0.15901,#NAME?
687,0.15901,#NAME?
688,0.15901,#NAME?
689,0.15901,#NAME?
690,0.15901,#NAME?
691,0.15901,#NAME?
692,0.15901,#NAME?
693,0.15901,#NAME?