0,0.91889,MMMM
1,0.64436,EFVV
2,0.63119,QGAA
3,0.7198,SSAA
4,0.67906,VLPP
5,0.76433,SCCC
6,0.77394,AAAA
7,0.79685,RRRR
8,0.76876,WKRR
9,0.76202,LLLL
10,0.73112,KAAA
11,0.78908,RRRR
12,0.66142,#NAME?
13,0.74796,YSSS
14,0.76101,RRHH
15,0.70661,ASSS
16,0.72472,FAAA
17,0.70627,FLLL
18,0.69521,LILL
19,0.6976,IAAA
20,0.68068,LAAA
21,0.72502,LLLL
22,0.67449,LTTM
23,0.68519,IVVV
24,0.68603,VLLL
25,0.66413,ALLL
26,0.62097,IVLL
27,0.74046,QQQQ
28,0.60266,#NAME?
29,0.59449,#NAME?
30,0.64095,LIVV
31,0.69635,FVVV
32,0.7355,LWWW
33,0.74398,ANNN
34,0.7841,YFFF
35,0.74285,KSSS
36,0.75861,SSSS
37,0.71303,LLLL
38,0.59213,#NAME?
39,0.53795,#NAME?
40,0.52243,#NAME?
41,0.4713,#NAME?
42,0.46681,#NAME?
43,0.47328,#NAME?
44,0.45346,#NAME?
45,0.46495,#NAME?
46,0.43608,#NAME?
47,0.43385,#NAME?
48,0.40989,#NAME?
49,0.43396,#NAME?
50,0.39615,#NAME?
51,0.38255,#NAME?
52,0.40443,#NAME?
53,0.31873,#NAME?
54,0.31985,#NAME?
55,0.32772,#NAME?
56,0.31952,#NAME?
57,0.32173,#NAME?
58,0.32513,#NAME?
59,0.31578,#NAME?
60,0.31765,#NAME?
61,0.33174,#NAME?
62,0.34548,#NAME?
63,0.36348,#NAME?
64,0.37854,#NAME?
65,0.38664,#NAME?
66,0.47965,#NAME?
67,0.45629,#NAME?
68,0.4571,#NAME?
69,0.45388,#NAME?
70,0.44211,#NAME?
71,0.43674,#NAME?
72,0.41634,#NAME?
73,0.40608,#NAME?
74,0.35596,#NAME?
75,0.36764,#NAME?
76,0.37098,#NAME?
77,0.43896,#NAME?
78,0.42637,#NAME?
79,0.4367,#NAME?
80,0.43451,#NAME?
81,0.35432,#NAME?
82,0.34411,#NAME?
83,0.31738,#NAME?
84,0.29756,#NAME?
85,0.31923,#NAME?
86,0.30573,#NAME?
87,0.29623,#NAME?
88,0.28707,#NAME?
89,0.20752,--G-
90,0.20139,--R-
91,0.18249,--G-
92,0.17723,--P-
93,0.19291,--Q-
94,0.19933,--A-
95,0.22802,--R-
96,0.31382,#NAME?
97,0.35042,#NAME?
98,0.42013,#NAME?
99,0.44368,#NAME?
100,0.47582,#NAME?
101,0.47016,#NAME?
102,0.4643,#NAME?
103,0.42973,#NAME?
104,0.39102,#NAME?
105,0.50225,#NAME?
106,0.44875,#NAME?
107,0.51112,#NAME?
108,0.53002,#NAME?
109,0.51618,#NAME?
110,0.48509,#NAME?
111,0.42631,#NAME?
112,0.45099,#NAME?
113,0.45191,#NAME?
114,0.41383,#NAME?
115,0.35727,#NAME?
116,0.33887,#NAME?
117,0.3153,#NAME?
118,0.33306,#NAME?
119,0.32702,#NAME?
120,0.31265,#NAME?
121,0.34576,#NAME?
122,0.35801,#NAME?
123,0.36574,#NAME?
124,0.38593,#NAME?
125,0.43738,#NAME?
126,0.4653,#NAME?
127,0.45816,#NAME?
128,0.47863,#NAME?
129,0.49794,#NAME?
130,0.46977,#NAME?
131,0.50163,#NAME?
132,0.50635,#NAME?
133,0.51871,#NAME?
134,0.53763,#NAME?
135,0.52441,#NAME?
136,0.55979,#NAME?
137,0.53717,#NAME?
138,0.54828,#NAME?
139,0.57264,#NAME?
140,0.55273,#NAME?
141,0.55991,#NAME?
142,0.55075,#NAME?
143,0.54568,#NAME?
144,0.54024,#NAME?
145,0.53038,#NAME?
146,0.54172,#NAME?
147,0.50816,#NAME?
148,0.54507,#NAME?
149,0.54247,#NAME?
150,0.55439,#NAME?
151,0.5606,#NAME?
152,0.54768,#NAME?
153,0.56028,#NAME?
154,0.54777,#NAME?
155,0.53937,#NAME?
156,0.55765,#NAME?
157,0.54777,#NAME?
158,0.55222,#NAME?
159,0.55136,#NAME?
160,0.54145,#NAME?
161,0.55395,#NAME?
162,0.50701,#NAME?
163,0.54684,#NAME?
164,0.55528,#NAME?
165,0.53336,#NAME?
166,0.54575,#NAME?
167,0.544,#NAME?
168,0.48235,#NAME?
169,0.50384,#NAME?
170,0.52822,#NAME?
171,0.49857,#NAME?
172,0.54448,#NAME?
173,0.51367,#NAME?
174,0.54886,#NAME?
175,0.51713,#NAME?
176,0.55186,#NAME?
177,0.50517,#NAME?
178,0.52917,#NAME?
179,0.48803,#NAME?
180,0.47566,#NAME?
181,0.4942,#NAME?
182,0.50944,#NAME?
183,0.491,#NAME?
184,0.48198,#NAME?
185,0.48066,#NAME?
186,0.46546,#NAME?
187,0.46761,#NAME?
188,0.46411,#NAME?
189,0.43213,#NAME?
190,0.37331,#NAME?
191,0.34634,#NAME?
192,0.33805,#NAME?
193,0.34017,#NAME?
194,0.37799,#NAME?
195,0.40605,#NAME?
196,0.49643,#NAME?
197,0.58507,DAED
198,0.61906,IQQA
199,0.67585,VQQQ
200,0.58903,GSED
201,0.62904,GQKK
202,0.57401,G-GR
203,0.54227,S-KQ
204,0.57848,G-GG
205,0.54608,S-HQ
206,0.51339,G-TS
207,0.57296,F-FV
208,0.52617,D-PL
209,0.56067,ASGG
210,0.60914,AKKK
211,0.50374,#NAME?
212,0.51815,#NAME?
213,0.4737,#NAME?
214,0.50979,#NAME?
215,0.50714,#NAME?
216,0.46142,#NAME?
217,0.51882,#NAME?
218,0.52192,#NAME?
219,0.4768,#NAME?
220,0.62718,EQDE
221,0.57284,ANRK
222,0.5958,PKAA
223,0.60966,AAAT
224,0.45256,#NAME?
225,0.43556,#NAME?
226,0.28994,-N--
227,0.24859,-Q--
228,0.22439,-T--
229,0.20737,-H--
230,0.20119,-T--
231,0.20182,-D--
232,0.19432,-L--
233,0.20602,-H--
234,0.20437,-Q--
235,0.20091,-R--
236,0.2164,-A--
237,0.24102,-N--
238,0.26082,-P--
239,0.40202,ST--
240,0.43973,PL--
241,0.50616,PR--
242,0.66562,PPSS
243,0.67043,PQSS
244,0.74785,HQHQ
245,0.65371,ASGG
246,0.72511,QQKK
247,0.67895,AQDD
248,0.64419,RHVL
249,0.67586,VRSS
250,0.71415,QHRR
251,0.75048,PHPH
252,0.69408,PFPS
253,0.69122,AQHH
254,0.66756,RRAA
255,0.54603,#NAME?
256,0.53244,#NAME?
257,0.48206,#NAME?
258,0.47879,#NAME?
259,0.42714,#NAME?
260,0.60306,TTGG
261,0.56412,KPSG
262,0.59942,LTSS
263,0.65867,TAPP
264,0.64264,ADEE
265,0.67886,QITT
266,0.73312,QKKK
267,0.68254,LYYS
268,0.73055,GDDD
269,0.77214,FQQQ
270,0.73774,QPPA
271,0.82113,PPPP
272,0.77511,EKKK
273,0.84107,CCCC
274,0.77068,DEDD
275,0.79196,IIII
276,0.74213,LSSS
277,0.72229,AGGG
278,0.76277,RKKK
279,0.79959,EEEE
280,0.79287,AAAA
281,0.81481,IIII
282,0.81243,SSSS
283,0.79815,AAAA
284,0.78743,LLLL
285,0.7538,QSST
286,0.81371,RRRR
287,0.79457,AAAA
288,0.80793,KKKK
289,0.78292,TTSS
290,0.82699,KKKK
291,0.77162,DEHH
292,0.84795,CCCC
293,0.8286,RRRR
294,0.77695,EQQQ
295,0.76139,HQEE
296,0.77826,IIII
297,0.66751,AVGA
298,0.75703,QEEE
299,0.69805,IVTT
300,0.74727,AYYY
301,0.83091,CCCC
302,0.73267,ARRR
303,0.77355,IHHH
304,0.75547,QKKK
305,0.65309,AELL
306,0.73431,GHGG
307,0.68698,RQLL
308,0.70899,FLLL
309,0.78516,YMMM
310,0.73488,APPP
311,0.74272,PEEE
312,0.75512,QKKK
313,0.69817,LVVV
314,0.70358,RTTA
315,0.75558,SRRR
316,0.71822,SYFF
317,0.81176,CCCC
318,0.79827,PPPP
319,0.67248,AVLL
320,0.72361,GEEE
321,0.6779,NGGG
322,0.66177,HKKK
323,0.56188,TVAA
324,0.39115,A---
325,0.36515,N---
326,0.31251,V---
327,0.2925,S---
328,0.28528,L---
329,0.2867,G---
330,0.30682,C---
331,0.29958,F---
332,0.29776,K---
333,0.30082,D---
334,0.29674,E---
335,0.2972,K---
336,0.29642,D---
337,0.29444,R---
338,0.29334,R---
339,0.27999,L---
340,0.28121,L---
341,0.28613,A---
342,0.28426,G---
343,0.30126,Y---
344,0.30312,Y---
345,0.29615,S---
346,0.29778,S---
347,0.29613,S---
348,0.29656,K---
349,0.29687,T---
350,0.29666,S---
351,0.30135,N---
352,0.29555,S---
353,0.30283,P---
354,0.29143,A---
355,0.29671,K---
356,0.30596,C---
357,0.29148,V---
358,0.29456,E---
359,0.28674,L---
360,0.30565,C---
361,0.28372,L---
362,0.30291,Q---
363,0.29754,S---
364,0.33089,G---
365,0.37946,Y---
366,0.4115,P---
367,0.66268,YNNN
368,0.65852,AMKK
369,0.73113,GNNN
370,0.7887,VVVV
371,0.81795,QQQQ
372,0.814,YWWW
373,0.67756,GEDD
374,0.68545,REEE
375,0.63847,EDDD
376,0.41311,C---
377,0.38,F---
378,0.35017,C---
379,0.29465,G---
380,0.30842,Y---
381,0.30241,D---
382,0.30313,P---
383,0.3034,P---
384,0.30175,P---
385,0.2973,K---
386,0.28798,A---
387,0.2935,S---
388,0.29383,K---
389,0.28344,L---
390,0.29895,P---
391,0.29841,D---
392,0.29721,S---
393,0.29932,S---
394,0.31051,C---
395,0.30624,N---
396,0.29982,T---
397,0.29813,K---
398,0.30799,C---
399,0.28441,L---
400,0.28675,G---
401,0.29925,N---
402,0.28535,A---
403,0.29605,K---
404,0.29513,E---
405,0.29168,I---
406,0.30668,C---
407,0.28923,G---
408,0.28812,G---
409,0.30239,F---
410,0.30461,Y---
411,0.29203,A---
412,0.31261,M---
413,0.30542,N---
414,0.29731,I---
415,0.3062,Y---
416,0.29536,E---
417,0.29433,T---
418,0.28657,G---
419,0.29186,I---
420,0.28749,A---
421,0.29259,K---
422,0.29948,F---
423,0.29425,T---
424,0.2875,A---
425,0.29998,Q---
426,0.30977,L---
427,0.34546,A---
428,0.3851,A---
429,0.56344,TSSA
430,0.61785,TMVV
431,0.68986,PEEE
432,0.69787,STYY
433,0.70064,EVMM
434,0.73831,EPPP
435,0.71914,TAAA
436,0.71493,KVNN
437,0.77282,RPPP
438,0.79089,VVVV
439,0.82251,RRRR
440,0.81029,IIII
441,0.79707,AAAA
442,0.8185,FFFF
443,0.70458,LMVV
444,0.76292,LLLL
445,0.73822,TVVV
446,0.71729,LVVV
447,0.79793,NHHH
448,0.7677,GGGG
449,0.8059,RRRR
450,0.80179,AAAA
451,0.70831,LTSS
452,0.8148,RRRR
453,0.83119,QQQQ
454,0.7308,VVLL
455,0.81225,HQQQ
456,0.81827,RRRR
457,0.76287,LLMM
458,0.75628,LFFF
459,0.81243,KKKK
460,0.78771,AAAA
461,0.73538,LIII
462,0.81637,YYYY
463,0.77413,AHHH
464,0.72804,PTKK
465,0.73598,ESDD
466,0.84473,HHHH
467,0.77724,VFFF
468,0.85945,YYYY
469,0.8724,YYYY
470,0.84095,IIII
471,0.87148,HHHH
472,0.82419,VVVV
473,0.83117,DDDD
474,0.7559,EQKK
475,0.82569,RRRR
476,0.78832,QSSS
477,0.7897,DNNN
478,0.85242,YYYY
479,0.79684,LLLL
480,0.81347,YHHH
481,0.80988,RRRR
482,0.76261,KQQQ
483,0.68511,LMVV
484,0.68227,LVLL
485,0.66808,EAQQ
486,0.64401,LLVF
487,0.66501,EASS
488,0.70018,SHRR
489,0.75196,KQQQ
490,0.76768,FYYY
491,0.74047,PPSD
492,0.81409,NNNN
493,0.73723,IVVV
494,0.7882,RRRR
495,0.72292,LVVV
496,0.7403,ATTT
497,0.73446,RSPS
498,0.78758,KWWW
499,0.81036,RRRR
500,0.80869,FMMM
501,0.77994,SSAA
502,0.83524,TTTT
503,0.8238,IIII
504,0.87032,WWWW
505,0.81558,GGGG
506,0.80959,GGGG
507,0.80872,AAAA
508,0.80689,SSSS
509,0.78181,LLLL
510,0.77768,LLLL
511,0.76052,TTSS
512,0.79375,MMTT
513,0.76784,LYYY
514,0.79377,LLLL
515,0.83727,QQQQ
516,0.7982,CSSS
517,0.8546,MMMM
518,0.74685,EKRR
519,0.80738,DDDD
520,0.75857,LLLL
521,0.73701,LLLL
522,0.70036,QAEE
523,0.68047,#NAME?
524,0.70322,SRTT
525,0.76461,NDDD
526,0.85331,WWWW
527,0.78352,HSPP
528,0.88305,WWWW
529,0.84784,DDDD
530,0.84931,FFFF
531,0.80084,VFFF
532,0.82785,IIII
533,0.83433,NNNN
534,0.77732,LLLL
535,0.81275,SSSS
536,0.75372,EAAA
537,0.75334,SAAA
538,0.81106,DDDD
539,0.78409,FYYY
540,0.8244,PPPP
541,0.75909,VIII
542,0.77644,KRRR
543,0.81393,TTTT
544,0.75588,LNNN
545,0.81681,DDDD
546,0.78598,KQQQ
547,0.78277,LLLL
548,0.80228,VVVV
549,0.75933,DAAA
550,0.81302,FFFF
551,0.77593,LLLL
552,0.79908,SSSS
553,0.7099,AKRR
554,0.77766,NYYY
555,0.77062,PRRR
556,0.72155,GNDD
557,0.78727,RMMM
558,0.81529,NNNN
559,0.80661,FFFF
560,0.70803,VILL
561,0.81587,KKKK
562,0.75509,GSSS
563,0.83415,HHHH
564,0.79757,GGGG
565,0.81564,RRRR
566,0.77466,EDDD
567,0.78208,TNNN
568,0.77161,QAAA
569,0.77109,KRRR
570,0.82832,FFFF
571,0.82217,IIII
572,0.80792,QRRR
573,0.83338,KKKK
574,0.85276,QQQQ
575,0.80308,GGGG
576,0.78777,LLLL
577,0.82259,DDDD
578,0.75657,KRRR
579,0.73246,TLLL
580,0.82172,FFFF
581,0.70988,VFLL
582,0.80657,EEEE
583,0.86013,CCCC
584,0.83622,DDDD
585,0.81577,TTAT
586,0.89344,HHHH
587,0.87419,MMMM
588,0.88104,WWWW
589,0.85177,RRRR
590,0.77186,ILLL
591,0.80561,GGGG
592,0.8096,DDDD
593,0.81199,RRRR
594,0.77064,KKRR
595,0.7448,LIII
596,0.82048,PPPP
597,0.73572,AEEE
598,0.77509,GGGG
599,0.80592,IIII
600,0.7266,QSAA
601,0.7976,VVVV
602,0.81862,DDDD
603,0.79457,GGGG
604,0.81883,GGGG
605,0.83285,SSSS
606,0.82256,DDDD
607,0.86123,WWWW
608,0.77427,VFFF
609,0.73827,ALLL
610,0.77168,LLLL
611,0.7625,SNNN
612,0.80428,RRRR
613,0.72531,PMRK
614,0.82477,FFFF
615,0.80388,VVVV
616,0.74048,GEEE
617,0.8279,YYYY
618,0.77714,VVVV
619,0.69533,TITA
620,0.70683,HNFF
621,0.62672,PTSS
622,0.6392,RQTT
623,0.48124,E---
624,0.48565,D---
625,0.71544,DDDD
626,0.67821,EDDD
627,0.71921,LLLL
628,0.7143,LVVV
629,0.74723,QTTT
630,0.6884,ANKK
631,0.73233,LMMM
632,0.71596,LKKK
633,0.70534,KRQQ
634,0.7294,LFFF
635,0.77144,FYYY
636,0.70766,RASS
637,0.79782,HYYY
638,0.81383,TTTT
639,0.78348,LLLL
640,0.80025,LLLL
641,0.84121,PPPP
642,0.81296,AAAA
643,0.83667,EEEE
644,0.84858,SSSS
645,0.85998,FFFF
646,0.86094,FFFF
647,0.87515,HHHH
648,0.83784,TTTT
649,0.824,VVVV
650,0.79755,LLLL
651,0.77299,REEE
652,0.83398,NNNN
653,0.78549,TSSS
654,0.78814,KPPP
655,0.84959,HHHH
656,0.84796,CCCC
657,0.74648,TEDD
658,0.78497,SSTT
659,0.82621,YMMM
660,0.80902,VVVV
661,0.83549,DDDD
662,0.85134,NNNN
663,0.84022,NNNN
664,0.80018,LLLL
665,0.81457,HRRR
666,0.78178,VIII
667,0.82936,TTTT
668,0.84906,NNNN
669,0.88214,WWWW
670,0.80922,KNNN
671,0.83902,RRRR
672,0.83809,KKKK
673,0.77708,QLLL
674,0.81944,GGGG
675,0.87656,CCCC
676,0.84912,KKKK
677,0.89119,CCCC
678,0.89099,QQQQ
679,0.87357,YYYY
680,0.85,KKKK
681,0.87488,HHHH
682,0.79348,VIII
683,0.83756,VVVV
684,0.85022,DDDD
685,0.89048,WWWW
686,0.88905,CCCC
687,0.8403,GGGG
688,0.8962,CCCC
689,0.85396,SSSS
690,0.86441,PPPP
691,0.87079,NNNN
692,0.85655,DDDD
693,0.8514,FFFF
694,0.83874,KKKK
695,0.83711,PPPP
696,0.75697,ESQQ
697,0.82469,DDDD
698,0.75683,WLFF
699,0.80244,PPHH
700,0.82298,RRRR
701,0.76648,LFFF
702,0.83123,QQQQ
703,0.73234,AQQQ
704,0.76067,TTTT
705,0.67145,ETAA
706,0.52669,Q---
707,0.71847,KRRR
708,0.7252,SPPP
709,0.71308,LTTT
710,0.82931,FFFF
711,0.83693,FFFF
712,0.81648,AAAA
713,0.85082,RRRR
714,0.83424,KKKK
715,0.82516,FFFF
716,0.8038,EEEE
717,0.75882,PAAA
718,0.72312,VSVI
719,0.74193,IVVV
720,0.80231,NNNN
721,0.79763,QQQQ
722,0.71737,AEEE
723,0.73387,VIII
724,0.67291,LVII
725,0.66398,LNGG
726,0.77919,QQQQ
727,0.73542,LLLL
728,0.73957,EDDD
729,0.69157,EVYS
730,0.76514,WFYY
731,0.75451,LLLL
732,0.77171,YFYY
733,0.77767,GGGG
734,0.72807,PSNN
735,0.74719,YLYY
736,0.74828,TPPP
737,0.69471,SQAA
738,0.71411,EGGG
739,0.75126,YTTT
740,0.72986,APPP
741,0.7174,NGGG
742,0.75652,LLLL
743,0.74666,HKRR
744,0.69827,GASS
745,0.82726,YYYY
746,0.84129,WWWW
747,0.77589,QEEE
748,0.7913,SNNN
749,0.74166,LVVV
750,0.77641,YFYY
751,0.77858,HDDD
752,0.76558,HEEE
753,0.7173,EAPP
754,0.79812,DDDD
755,0.72026,VGGG
756,0.75346,HIII
757,0.7563,GHHH
758,0.74728,SSST
759,0.69562,GLLL
760,0.72612,DSSS
761,0.76476,DDDD
762,0.64407,LAVV
763,0.6894,AHTA
764,0.69694,RLLL
765,0.71436,STTT
766,0.68691,IHLL
767,0.73776,GYYY
768,0.76196,DHHH
769,0.7335,SASS
770,0.75379,VFFF
771,0.71976,MAAI
772,0.78169,RRRR
773,0.72706,LLLL
774,0.67756,SGGG
775,0.64344,ALLL
776,0.53308,#NAME?
777,0.54086,#NAME?
778,0.4884,#NAME?
779,0.47598,#NAME?
780,0.47372,#NAME?
781,0.50964,#NAME?
782,0.50037,#NAME?
783,0.49741,#NAME?
784,0.46401,#NAME?
785,0.49774,#NAME?
786,0.3761,-P--
787,0.50403,#NAME?
788,0.53685,#NAME?
789,0.67722,RNNN
790,0.71894,QSSS
791,0.751,ACCC
792,0.76201,KRRR
793,0.75597,LYYY
794,0.77922,YFYY
795,0.73928,PAPP
796,0.74091,LMMM
797,0.69978,EGGG
798,0.65225,#NAME?
799,0.69825,LPPP
800,0.65102,IVAA
801,0.70325,ESSS
802,0.70155,LVVV
803,0.75926,THHH
804,0.7056,HILL
805,0.79749,YYYY
806,0.74038,LFFF
807,0.73718,HLLL
808,0.70575,RSAA
809,0.78949,DDDD
810,0.73039,QERR
811,0.77959,YFFF
812,0.78578,KQQQ
813,0.77509,GGGG
814,0.78553,FYFF
815,0.77614,LLLL
816,0.74967,VVII
817,0.76059,RRKK
818,0.7945,YHHH
819,0.77998,RHHH
820,0.72925,AAAV
821,0.74839,RTTT
822,0.71055,GNNN
823,0.67732,SLLL
824,0.70094,TAAA
825,0.59604,#NAME?
826,0.6913,GSSS
827,0.75994,KKKK
828,0.70698,PLLL
829,0.73332,LEEE
830,0.78872,HTTT
831,0.77938,LLLL
832,0.81115,EEEE
833,0.82506,TTTT
834,0.82997,RWWW
835,0.79621,VVVM
836,0.81222,RMMM
837,0.82197,PPPP
838,0.75434,TKKK
839,0.77671,QQKK
840,0.71173,QFVV
841,0.69288,GYFF
842,0.75955,KKKK
843,0.62995,LFIV
844,0.7101,ATAA
845,0.69539,RNSS
846,0.72839,NPPP
847,0.72593,APPP
848,0.68556,RKSS
849,0.70963,FTDD
850,0.74102,SFFF
851,0.68693,KTGG
852,0.79503,RRRR
853,0.7585,LLLL
854,0.7731,RQQQ
855,0.77879,NFFF
856,0.70629,FASS
857,0.79164,EEEE
858,0.74543,VIVV
859,0.74176,SGGG
860,0.8225,TTTT
861,0.81707,DDDD
862,0.82815,FWWW
863,0.83983,DDDD
864,0.78814,QAAA
865,0.81709,KKKK
866,0.80476,EEEE
867,0.78392,QRRR
868,0.75126,IILL
869,0.77659,AFFF
870,0.82174,RRRR
871,0.81879,NNNN
872,0.82024,FFFF
873,0.78673,GGGG
874,0.71819,KNGG
875,0.75719,LMLL
876,0.75502,LMLL
877,0.77514,GGGG
878,0.81804,PPPP
879,0.80529,QMMM
880,0.7592,SDDD
881,0.74649,DEEE
882,0.73204,LPPP
883,0.70819,LVVV
884,0.70064,LGGG
885,0.7253,SMMM
886,0.69807,YQQQ
887,0.63373,TKKK
888,0.40848,L---
889,0.38239,Q---
890,0.32518,A---
891,0.29902,N---
892,0.33166,A---
893,0.36883,D---
894,0.40268,S---
895,0.6452,GWWW
896,0.62741,AGGG
897,0.68539,AKKK
898,0.71468,SGGG
899,0.72578,HSPP
900,0.74314,SNNN
901,0.74672,YVVV
902,0.75219,NTTT
903,0.69949,LVVV
904,0.78805,TTTT
905,0.711,LVVV
906,0.68283,LVII
907,0.85118,WWWW
908,0.72933,IIVV
909,0.7954,DDDD
910,0.81523,PPPP
911,0.67564,LTVV
912,0.7396,GNNN
913,0.72191,RVVV
914,0.69783,LIII
915,0.73841,QAAA
916,0.72717,DAAA
917,0.74573,FTTT
918,0.76916,NYYY
919,0.74034,EDDD
920,0.71879,LIII
921,0.72824,HLLL
922,0.67524,VIII
923,0.65448,EDEE
924,0.61046,DASS
925,0.46682,S---
926,0.4685,T---
927,0.65215,SSTT
928,0.65243,DAAA
929,0.70627,VEEE
930,0.76395,IFFF
931,0.76992,NTTT
932,0.83693,HHHH
933,0.78137,SYYY
934,0.77241,KRKK
935,0.77767,TPPP
936,0.74287,LPPP
937,0.77198,LLLL
938,0.76423,KNNN
939,0.74752,HLLL
940,0.81734,PPPP
941,0.73652,ILLL
942,0.76084,TRRR
943,0.82809,PPPP
944,0.7917,GGGG
945,0.74285,IMVV
946,0.85876,WWWW
947,0.79208,TTTT
948,0.71587,AVVV
949,0.75405,KRKK
950,0.67098,LVII
951,0.70958,ILLL
952,0.75201,GHHH
953,0.76988,RHHH
954,0.80184,NWWW
955,0.75154,SSVV
956,0.77122,IPPP
957,0.75763,YVVV
958,0.77005,AAAA
959,0.77174,QEEE
960,0.7425,LTTT
961,0.76325,KRKK
962,0.80291,FFFF
963,0.77121,LLLL
964,0.74961,IIVV
965,0.74836,ATAA
966,0.80536,PPPP
967,0.76078,LLLL
968,0.74132,ATTT
969,0.74816,YHFF
970,0.72317,YHSS
971,0.74561,KKNN
972,0.67386,GHRK
973,0.70254,YLQQ
974,0.77705,PPPP
975,0.69696,LIII
976,0.67977,ARKK
977,0.71785,KHPP
978,0.70445,SEEE
979,0.67553,SDEE
980,0.69872,DAAA
981,0.67836,ALLL
982,0.72548,EKKK
983,0.679,AMLL
984,0.73788,LHHH
985,0.78166,NNNN
986,0.68866,AGGG
987,0.71847,GPPP
988,0.65916,LALP
989,0.67519,TKRR
990,0.68575,VNNS
991,0.68996,ASAA
992,0.70197,LYYY
993,0.7284,PMMM
994,0.60145,#NAME?
995,0.603,#NAME?
996,0.56395,#NAME?
997,0.54556,#NAME?
998,0.53895,#NAME?
999,0.51741,#NAME?
1000,0.54451,#NAME?
1001,0.58377,#NAME?
1002,0.67517,EPPP
1003,0.63741,DIVV
1004,0.69264,FLLL
1005,0.68987,ENSS
1006,0.68082,MILL
1007,0.75761,PPPH
1008,0.7029,VVII
1009,0.68018,EHNN
1010,0.65035,WLPP
1011,0.56954,QGAA
1012,0.40478,Q---
1013,0.37289,H---
1014,0.31731,L---
1015,0.30719,Q---
1016,0.29852,T---
1017,0.29878,D---
1018,0.3016,D---
1019,0.29802,E---
1020,0.35145,Q---
1021,0.38319,F---
1022,0.42442,T---
1023,0.68128,MQQQ
1024,0.66457,RVVV
1025,0.7383,EEEE
1026,0.69255,EAQQ
1027,0.70142,SAAA
1028,0.66163,LERR
1029,0.63695,AHRK
1030,0.70198,KNNN
1031,0.65943,GAAA
1032,0.64357,KGAA
1033,0.65666,MLSF
1034,0.68751,LTTT
1035,0.73418,GGGG
1036,0.70839,QSTT
1037,0.70805,EEAA
1038,0.75791,LLLL
1039,0.74675,HEEE
1040,0.65542,SRGA
1041,0.82657,WWWW
1042,0.67391,IVLL
1043,0.7884,DDDD
1044,0.74702,GSSS
1045,0.75276,LLLL
1046,0.77219,VVVV
1047,0.76356,GGGG
1048,0.70784,QDGG
1049,0.68575,FVMT
1050,0.77019,FWWW
1051,0.69859,QSTT
1052,0.68316,LAAA
1053,0.72569,RVMM
1054,0.71718,EDDD
1055,0.67002,SVII
1056,0.795,CCCC
1057,0.63906,VSAT
1058,0.70902,VTTT
1059,0.69371,EGGG
1060,0.70315,APPP
1061,0.68821,DSTT
1062,0.65872,SGAA
1063,0.75299,ECCC
1064,0.73409,VPPP
1065,0.72253,SVVV
1066,0.77173,LMMM
1067,0.78501,PQQQ
1068,0.73628,LTTT
1069,0.82853,CCCC
1070,0.74727,SRSS
1071,0.7362,DEQQ
1072,0.75563,ATTT
1073,0.71221,PVAA
1074,0.84168,WWWW
1075,0.79642,SSSS
1076,0.80948,SSSS
1077,0.77214,LLFF
1078,0.76809,ASSS
1079,0.83694,PPPP
1080,0.82857,DDDD
1081,0.83569,PPPP
1082,0.81987,KKKK
1083,0.80314,SSSS
1084,0.73045,DQEE
1085,0.69736,VLLL
1086,0.70235,DGGG
1087,0.70094,APAA
1088,0.63424,LPVV
1089,0.6603,LKKK
1090,0.64801,KNPP
1091,0.5422,#NAME?
1092,0.54267,#NAME?
1093,0.55374,#NAME?
1094,0.4373,#NAME?
1095,0.55374,#NAME?
